-1.015694785016536095e+00,-3.480287067698475401e+00,-1.944017581496763292e+00,4.041399708595548312e-01,-6.208074535299439312e-01
-7.162747128927412499e-01,-3.822415747305006883e-01,-1.600065139832508754e+00,7.147068293235023795e-01,1.312012617253720259e-01
-2.795121968927401834e+00,-9.819729913547329270e-01,-1.086524161871686850e-01,-1.195932744935222641e-01,2.202236330556474608e-01
-3.101636570126661829e-01,2.658303295375737285e+00,8.222101096591556413e-01,6.269958908253255858e-01,4.935376770573116634e-01
-2.648250592541660620e+00,7.647439499028676479e+00,-1.888855263360755599e+00,-3.916440636903839589e-01,-3.541829907749579065e-01
3.160243388075608895e+00,1.823266612539409692e+00,3.033292703512207034e+00,3.069938142811960424e-01,-3.262345610130545914e-01
-3.608715323620384385e+00,-3.041034274365641554e+00,1.215030939585288738e+00,-7.448753129198429912e-01,1.877998692973398276e-01
-2.403629016760586712e+00,-3.033805135514738183e+00,1.227151450014613898e+00,-2.725035803783553701e-01,1.808741337509008340e-01
1.033760666869635969e+01,-1.209668363279722936e+00,-7.560948018940638615e-01,-5.242202738074753787e-01,8.758843043138520024e-02
-1.149438775855586403e+00,-3.351155447578855640e+00,-1.872980189347394742e+00,5.221681182291824097e-01,-5.625881015878297919e-01
-4.832796123161247070e-01,-9.866772031285721001e-01,-1.654503292698513928e+00,1.584336001584967679e+00,3.434759645318312127e-01
-2.748739731222402671e+00,-6.963300434603627576e-01,4.826620713588795214e-02,5.434161379514880486e-02,3.673606373019133731e-01
-4.721868349115098118e-01,3.566333276385520890e+00,6.437972030851525362e-01,3.472275341092161960e-01,4.976580404299901228e-01
-2.841565992103828542e+00,6.562704729802261383e+00,-1.340175426393031888e+00,-8.515327655468777346e-01,-6.268227712305830535e-01
3.838434593290989572e+00,1.778986665116460753e+00,2.616570013320824728e+00,-5.710989213877433190e-01,-1.091344128704974936e-01
-3.606211224626663991e+00,-2.831543535465529615e+00,1.336550671753966357e+00,-5.478215185986055058e-01,3.246434785287267699e-01
-2.578278876106889328e+00,-3.205655613612915733e+00,1.146385804709089573e+00,-4.039409005778210049e-01,1.289302019904603469e-01
1.004126645385201577e+01,-8.366628280580049593e-01,-9.239109915659829975e-01,-1.336791616074686773e-01,-3.635230370940120137e-01
-1.366786985488636530e+00,-3.448572179898142132e+00,-1.566717334566381403e+00,4.002143941283755613e-01,-5.629238488292995779e-01
-3.961734853840324089e-01,-1.190488491854119424e+00,-1.928980894964370529e+00,1.634340923088636321e+00,6.673417498731738784e-02
-2.901191018004176225e+00,-6.112823780660785467e-01,1.581545519442386083e-01,-1.348849963481480452e-01,2.252600642911084250e-01
-6.234251403621818843e-01,3.837847621454078428e+00,2.042382942987707450e-01,6.837052346975432959e-01,9.778039874376512897e-01
-2.786357460954068888e+00,6.341187656203143952e+00,-1.075018933851330516e+00,-5.683599965734191795e-01,-2.246402209641691350e-01
3.992418870438265266e+00,2.183924350837922024e+00,2.577468568053876474e+00,-8.305603127961965759e-01,-9.634849366460353226e-02
-3.575820082536953048e+00,-2.769927448179450469e+00,1.272867570978011065e+00,-5.008784670166622766e-01,3.399335015901001067e-01
-2.726417750223550485e+00,-3.326129739957163434e+00,8.953824001189292225e-01,-4.646271018382775453e-01,1.275419377558840994e-02
1.038375305251533476e+01,-1.016559390540189955e+00,-5.373942220117433610e-01,-2.189496773418531383e-01,-7.385733586236939985e-01
-1.385164819725318575e+00,-3.422489825480369507e+00,-1.515242136656665739e+00,4.433964741248410113e-01,-5.609310702677713367e-01
-3.819486146060626641e-01,-1.257414458174274774e+00,-1.818460314027259939e+00,1.675617022268341527e+00,1.036541857906097680e-01
-2.975854462421371416e+00,-1.226431130900433653e+00,2.844318223401993695e-01,1.576401483006891965e-02,3.820967259541289684e-01
-7.635790329079273908e-01,4.260018614290927097e+00,1.215952955302165572e-01,7.289218648326649674e-01,1.110563969185019761e+00
-2.997127791939870445e+00,5.285098040591986290e+00,-9.790511809775882535e-01,-3.357296630705280949e-01,2.168429999844282696e-01
3.762356757281487329e+00,2.600271318069574455e+00,2.310188462613143034e+00,-1.454484711815126952e+00,-3.662023622381172516e-01
-3.532194453881827734e+00,-2.703164219820357594e+00,1.363275020166748952e+00,-5.263381195700828075e-01,3.130125159609933871e-01
-2.755300553732050073e+00,-3.112909441589729820e+00,8.671331399682602470e-01,-3.926165446594336306e-01,3.331087595542553403e-02
1.102881297193294330e+01,-4.229788969873253812e-01,-6.338701089570524250e-01,-1.545303369407464156e-01,-1.232347840324717669e+00
-1.356639283008155727e+00,-3.313522257262657700e+00,-1.616682951963827497e+00,4.319884970427554371e-01,-5.448506702344010355e-01
-4.388271576958329145e-01,-9.311447524265005216e-01,-1.783142363678638098e+00,1.799356493220122255e+00,3.129432560819424558e-01
-2.854276977589096820e+00,-1.027692151646961038e+00,2.442088470763111863e-01,2.129191769329897566e-01,6.471381257093106187e-01
-8.054974448936274012e-01,3.446361775219203061e+00,3.079735914357106252e-01,2.659443642198329738e-01,5.425212608513493295e-01
-2.982624040694761280e+00,5.096215129741999306e+00,-1.058227645054735433e+00,-7.112622547922038407e-01,-9.962253611696390843e-02
3.918007269279184968e+00,2.283223784110978372e+00,2.326665493441425259e+00,-1.164146121726623573e+00,-1.793283984684708732e-01
-3.515838454849082417e+00,-2.627866262892429638e+00,1.373655108163553518e+00,-4.251865201812074502e-01,4.167920896955305543e-01
-2.753956786640626930e+00,-2.943147954548487544e+00,8.536641586706598117e-01,-3.792878163814020209e-01,1.224223711718405300e-01
1.078965287609200097e+01,1.757268970485617240e-02,-6.481142380904579836e-01,-3.032581833426500201e-02,-1.218015498690137255e+00
-1.244203998488154550e+00,-3.395268495422657296e+00,-1.685400007798417477e+00,4.784381421172579918e-01,-5.315351065088650406e-01
-4.047341349223098073e-01,-8.196653866315946058e-01,-1.785148558461017831e+00,1.592618666201499389e+00,2.777890680106033794e-01
-2.805991564427979590e+00,-7.133895762215083369e-01,7.402960048095258427e-02,-1.496891630324900802e-01,2.445800453382424577e-01
-4.861242171757985120e-01,3.147748322880219440e+00,4.481116596637892968e-01,3.376146813011915992e-01,6.217333754771598997e-01
-2.762344010712048714e+00,6.328281162720434061e+00,-1.280799651515430515e+00,-8.076487873413861207e-01,-3.060589022945205961e-01
3.894739076202668127e+00,1.952754789478661435e+00,2.713806959509657890e+00,-4.617255658843759103e-01,-1.851985797243667076e-01
-3.540063428335056273e+00,-2.786219611344135316e+00,1.261526953116332672e+00,-5.364115891194763952e-01,3.086404679959086628e-01
-2.646585740195987579e+00,-3.115956159860755470e+00,9.508375868302073597e-01,-4.283789112331866655e-01,7.826701462357388284e-02
9.995308018054666732e+00,-5.982850455986622462e-01,-6.969645418260744796e-01,-2.481747300903463724e-02,-5.082173829177372149e-01
-9.136078797690977416e-01,-3.379519539790066585e+00,-2.114932518512714132e+00,6.004554512969197955e-01,-5.687394456495913353e-01
-5.422637369372156346e-01,-7.569991545009232548e-01,-1.521516257134575278e+00,1.348429985067872039e+00,4.595388134709257333e-01
-2.755074328483208657e+00,-7.894463049746699435e-01,5.694573285200093399e-02,-4.710989412420962114e-02,2.900732235663358027e-01
-5.830089193890405364e-01,3.531975822780085483e+00,8.691580861327654617e-01,3.792185929110543641e-01,5.258014474996570708e-01
-2.807633824019160063e+00,6.511093440700797430e+00,-1.410114008762772153e+00,-8.900091725570882240e-01,-5.782723514359345840e-01
3.580432359599377445e+00,1.725244893111477884e+00,2.673683216975585974e+00,-1.228469636206474119e-01,-5.750918818679902067e-01
-3.589018524400961585e+00,-2.821878860672600631e+00,1.353810795863495287e+00,-5.587547916056244679e-01,3.262912860986394437e-01
-2.483429177725864800e+00,-3.245609710833694539e+00,9.319141825597092588e-01,-4.961934839922437779e-01,9.209495180599101827e-02
1.009360403112517091e+01,-7.748605858204066221e-01,-8.389492299734953029e-01,-2.131897233760341182e-01,2.830395651196650209e-02
-8.795806040705074214e-01,-3.359431597702414063e+00,-2.144188135834856013e+00,4.552598702385248775e-01,-4.988515555953570435e-01
-5.141355753671285056e-01,-5.020625075152315153e-01,-1.662581245325109869e+00,7.128680609230363396e-01,3.203189884019634892e-01
-2.765290032217103011e+00,-1.042033386381576276e+00,-2.324530135242456053e-01,-1.837381724915308212e-01,1.276578910744320117e-01
-4.753596562890089472e-01,2.735039514658037962e+00,1.084912099999025381e+00,6.398476562944758195e-01,4.310102209592605593e-01
-2.716780399588206052e+00,7.758894254556074621e+00,-1.758844463191399532e+00,-8.796087222237212178e-01,-5.140372771197794233e-01
2.708193991158235558e+00,1.612083738025313684e+00,3.015556992874408593e+00,8.237349483990092924e-01,-1.166577516348957122e+00
-3.589682079972979611e+00,-3.261118493896344894e+00,1.194226511302078464e+00,-7.942398408008967126e-01,8.261256009193677918e-02
-2.309569968308036625e+00,-2.963762698681091212e+00,1.106867762592849802e+00,-9.860184094550852874e-02,2.922824187913158345e-01
1.054220432465473323e+01,-9.776088230627688613e-01,-6.034965088927491950e-01,-6.755219593933901034e-01,9.255842697451844847e-01
-8.383455510878516925e-01,-3.184628136576505675e+00,-2.212973487130478922e+00,3.119839628683805932e-01,-6.352796828030043974e-01
-4.282245107712554510e-01,-5.602673745186340648e-01,-1.415361459776656394e+00,5.156263549689411585e-01,-6.922405293404734934e-03
-2.729371253073645587e+00,-2.423661792180747676e-01,-3.873360103328883364e-01,-1.950159863538151184e-01,7.510544606122990241e-02
7.954617256820137317e-02,3.120931016931114854e+00,1.065927590886304843e+00,1.158440609670277510e+00,1.145209621503791908e+00
-2.678942970822863145e+00,5.788218992213185921e+00,-1.195728355158803380e+00,-4.490429295892303108e-01,-1.578003327842487924e-01
2.497257883063817907e+00,1.779069479794573638e+00,2.587834672230130195e+00,1.399019115965514926e-01,-8.999624101273232535e-01
-3.488337170304923518e+00,-2.926834284311553791e+00,1.213669012988568996e+00,-7.925819336971512419e-01,9.162513827813442702e-02
-2.077772642502602185e+00,-2.915270811833692743e+00,1.300135725042316448e+00,-2.269288199541934503e-01,2.231793245013267146e-01
9.664190042931123159e+00,-8.588527024804176735e-01,-9.561676887484928944e-01,-4.623831695097606054e-01,1.648453006634980345e-01
-8.432896941371077482e-01,-3.178050933157867686e+00,-2.208656213809956803e+00,3.556955169011600248e-01,-5.758576363747484050e-01
-3.981000142481616044e-01,-1.993117454533694377e-01,-1.305592852833211470e+00,3.220352427220776748e-01,1.502733371573418408e-01
-2.649515172166096999e+00,-5.264326577989874023e-01,-4.328793229254767061e-01,-8.602839323077877964e-02,2.415550009992791791e-01
1.844704931917981461e-01,3.003797479697341455e+00,1.040872346158163930e+00,7.160150291969872294e-01,3.812239016823573134e-01
-2.439963372999660152e+00,6.586471535522481879e+00,-1.915988188803999570e+00,-6.226125030227772639e-01,-3.992641720659730886e-01
2.668057516744930968e+00,1.519363057131716710e+00,3.064691849457285677e+00,9.794212024986457266e-01,-6.650010915151841617e-01
-3.499399463519615949e+00,-2.962310794668161940e+00,1.100546064660374190e+00,-8.125163138023450138e-01,7.621948149649088178e-02
-2.084947066395013149e+00,-2.956299010006726125e+00,1.446354333635391232e+00,-3.031689449612365306e-01,1.822643364905813801e-01
9.062686773528929152e+00,-1.287226931266423735e+00,-7.893480155385688146e-01,-5.488408363017331926e-01,6.085868421298543662e-01
-7.493640212613663643e-01,-2.983955692281030636e+00,-2.332595641496086003e+00,2.923556889489420940e-01,-5.832201788611059978e-01
-4.560415525096103151e-01,-2.609067751244200095e-01,-1.446523932019594616e+00,-1.660624685339164852e-01,-3.108188535925094920e-01
-2.710995989236007375e+00,-1.146613629077752466e-01,-6.717907111231646855e-01,-4.577906207193682686e-01,-1.240668875812241390e-01
-1.282957140455352196e-01,2.125776824864685111e+00,1.300876081312175803e+00,1.569803696055054987e+00,9.869029351819309515e-01
-2.622998685683913145e+00,5.486550557962777575e+00,-1.386720318476498459e+00,-3.530146172708825136e-01,-1.168275930892761910e-01
2.411219122541531590e+00,2.564455969168591309e+00,3.063713843587205776e+00,1.381052990052087592e+00,-8.614033339324390637e-01
-3.539220115172287962e+00,-2.777508281164558390e+00,1.051357999641715280e+00,-8.947126186416923810e-01,4.221352969962421237e-02
-2.179188786418926327e+00,-2.974377321079328951e+00,1.283244393297483077e+00,-1.537483890356130811e-01,6.572737158571613503e-02
9.974885741786110316e+00,-1.065373919438935335e+00,-8.615617147232359496e-01,-1.217883660854611083e+00,9.014930105892832168e-01
-8.488533148736201461e-01,-3.379820297465521151e+00,-2.191046583599379982e+00,4.390748391594761491e-01,-6.809632442250417306e-01
-6.223267032839969737e-01,-3.757053704501526759e-01,-1.434461026145742224e+00,4.311078172747108139e-01,-1.087371125800571520e-01
-2.649939436502741774e+00,-6.319767184213335165e-01,-2.221976825918394738e-01,4.438955016729144443e-02,1.674378140894981493e-01
2.405591347352352694e-01,3.563055360688287543e+00,1.078878909472239300e+00,1.321743215231647728e+00,1.174121556129833488e+00
-2.734224019855705734e+00,6.335612919707407364e+00,-1.625233907754258356e+00,-7.048538751808995917e-01,-2.889155637606314331e-01
3.224156376348864761e+00,2.343856283414077257e+00,2.610649775779327442e+00,-2.577133413142182125e-02,-4.771967962508172900e-01
-3.433773774359742070e+00,-2.975655812121848154e+00,1.246498638626624800e+00,-6.087962233898371878e-01,2.330682191204240250e-01
-2.036190936661517625e+00,-3.249053277471983581e+00,1.484601597310439169e+00,-4.101291765631293051e-01,-2.789127128465187372e-02
8.860592674453227957e+00,-1.630313087878932476e+00,-9.476897210974093433e-01,-4.867648125678397664e-01,9.076398761443445901e-03
-9.476309744108348809e-01,-3.447919893529677982e+00,-1.983542487044331004e+00,3.484951412635152179e-01,-6.856695793018366958e-01
-5.376798433019253087e-01,-7.502925815947436572e-01,-1.616640479779748674e+00,2.949688830072809131e-01,-3.690245706633205613e-01
-2.563948534763809128e+00,-5.153910659626779189e-01,-5.871332740347420254e-01,-6.901898550652800501e-02,6.061634529224252388e-02
2.010015692488333616e-01,3.694664103313552772e+00,1.038867517882709812e+00,1.522445099294997162e+00,1.467399215448916161e+00
-2.817890975271637455e+00,7.126712301419401818e+00,-1.746993530414907125e+00,-5.383421869959157391e-01,3.834969013997004822e-02
3.285271272077668669e+00,2.186358900785929649e+00,2.758505194519897064e+00,-1.564582001351462817e-02,-4.100185520035462550e-01
-3.493635938828603127e+00,-3.056136372179000471e+00,1.296560894269738862e+00,-6.800878597856455654e-01,2.040260901920008252e-01
-2.100801123775386081e+00,-3.328900450494387542e+00,1.453122622216440840e+00,-4.673108515729963996e-01,-4.338493822031477300e-03
8.975314549025693367e+00,-1.909094941758395336e+00,-6.127464576150546405e-01,-3.955034196911940692e-01,-3.013401452823943338e-01
-8.083739637630300567e-01,-3.094010062285216023e+00,-2.179972973225156707e+00,1.528928765419793057e-01,-6.546489842601783682e-01
-3.470847939132460369e-01,-2.221158671846747701e-01,-1.588452785289636626e+00,-1.912894135065128509e-01,-1.968709403919535195e-01
-2.674679668423266765e+00,-2.308577710365513624e-01,-6.720448183363302297e-01,-3.867280045284409162e-01,-3.857131301739982060e-02
-2.101054314795051392e-01,2.194061645894123558e+00,1.031400148297797026e+00,1.367992483805871906e+00,7.799690410554362963e-01
-2.548961089369664368e+00,5.393651503893879706e+00,-1.519105111204403169e+00,-3.532690111890194329e-01,1.427305479043218701e-02
2.202178913566684937e+00,2.621411927574972101e+00,3.200032974606556557e+00,1.676466217717400120e+00,-8.733578295471933206e-01
-3.533401324853095993e+00,-2.698122925072185652e+00,9.929875470819086170e-01,-8.792009517745797975e-01,4.278942904993949387e-02
-2.259950579860921849e+00,-2.996385114302925867e+00,1.286582818900818603e+00,-1.778368997159879838e-01,-1.911669832652763967e-02
1.018037793809603997e+01,-9.676333374814223287e-01,-5.514278008315531832e-01,-1.209027297350710350e+00,9.455342406474437356e-01
-8.183959114325534134e-01,-3.090282075193339750e+00,-2.241335676575506586e+00,2.843797538646885004e-01,-5.338589399031122840e-01
-3.845713391965175365e-01,-3.396879166290183161e-01,-1.375536434837990596e+00,2.905620214542872781e-01,1.859485960342291966e-01
-2.567262574838990563e+00,-6.707432243452845499e-01,-4.074901032235400122e-01,-4.266701250099297414e-04,1.799013016453849534e-01
-5.176660959793578931e-02,3.182271628411614817e+00,9.666992189980218031e-01,6.652431515336403312e-01,3.231209036820227309e-01
-2.409538184710835029e+00,6.178253113976643895e+00,-1.645217191068650830e+00,-6.009190763544990377e-01,-4.069634073515734918e-01
2.412745307067574174e+00,1.416499291596370336e+00,3.097152491432331622e+00,1.199776986141277701e+00,-1.093039087107442464e+00
-3.549562929280666079e+00,-2.861280531582742093e+00,1.080050661382183863e+00,-8.236988832953568984e-01,1.157745303408912602e-01
-2.210800800085414242e+00,-2.921781931839679380e+00,1.310158420814190094e+00,-2.360907636760150030e-01,6.889451354234325808e-02
9.579153042075340352e+00,-8.932483543945635152e-01,-7.844813869210385260e-01,-7.788265195430140730e-01,1.160221589117256258e+00
-7.548497366931946617e-01,-3.131991179243318157e+00,-2.228514246441676949e+00,3.059379302407097545e-01,-5.350254427906199206e-01
-1.492522119345120191e-01,-3.062384748178906269e-01,-1.519214862293359669e+00,5.643250437756844873e-01,4.950014255514059713e-01
-2.693109532037502696e+00,-1.432188913332586577e-01,-4.169753279161705350e-01,-2.287329052006414620e-01,1.374209449469087352e-01
-2.620065070062012058e-01,2.885452259097609495e+00,1.249640838210769100e+00,9.261214662585475210e-01,4.961676368195066522e-01
-2.673743495304879314e+00,5.709333344999181215e+00,-1.318994532306262402e+00,-6.370563770764606781e-01,-3.067449926029257590e-01
2.029729723022572596e+00,1.271010662875287078e+00,2.902835730300063588e+00,6.561238951817706111e-01,-1.714881277288580197e+00
-3.574660984334006919e+00,-2.730958120783857801e+00,1.214450983046301724e+00,-7.632593606379945994e-01,1.518801560915604698e-01
-2.211332370285342908e+00,-2.853907876398427579e+00,1.140888205945789657e+00,-9.474832579830073931e-02,5.747698624779042087e-02
1.028922511457306754e+01,-6.994817243953250774e-01,-1.024116788545453405e+00,-7.287113667433158248e-01,1.218704563024953780e+00
-9.295644304482553189e-01,-3.439113914496494395e+00,-2.065555527373467370e+00,4.373103603365199876e-01,-7.242803835093987175e-01
-4.709031480447944951e-01,-9.516114606858007141e-01,-1.329210415556289382e+00,9.261308205368904423e-01,2.659784780517246428e-01
-2.633882604566740948e+00,-3.450802511183893029e-01,-2.530432540495987093e-01,1.059694871975081221e-01,3.082420767920894256e-01
-7.114767953324018825e-03,4.050099458916867512e+00,6.653115754062652876e-01,1.403353919127788008e-01,3.919505235677862576e-01
-2.669670360393846309e+00,6.930304913808846834e+00,-1.711701175260727403e+00,-8.088679889142850188e-01,-5.306397453954954102e-01
3.111451365246920009e+00,1.368718308620649360e+00,2.928736703339239966e+00,4.598937879865480083e-01,-2.025263521476108608e-01
-3.525266123247189132e+00,-2.990263081498609310e+00,1.292925216531954025e+00,-6.758719538312448760e-01,2.062837861740645651e-01
-2.176618873097964091e+00,-3.088195135779809863e+00,1.187084232310331444e+00,-4.381683489100531848e-01,1.606341333544475947e-01
9.301568942505193505e+00,-1.534858837767261841e+00,-7.145473553477068585e-01,-1.467315563146637525e-01,1.243574831123914898e-01
-9.497784458929667828e-01,-3.165635084059222226e+00,-2.099811709404157956e+00,3.612114560498612681e-01,-5.627644084474289210e-01
-4.429919829248310514e-01,-3.233847091170246046e-01,-1.585803281581698476e+00,3.902004046486318156e-01,6.230118907557066765e-02
-2.577850574462109634e+00,3.755681006913178660e-02,-6.217397581930732553e-01,1.347412607935411233e-01,2.626140539054565570e-01
3.301778043104229843e-01,2.833865138666220140e+00,1.376076576692139675e+00,8.400632163058580071e-01,5.240872674234213768e-01
-2.838932894574972998e+00,6.519396955489888512e+00,-1.738216726505281251e+00,-1.083242707308455399e+00,-9.210631727198460572e-01
2.881094459294923027e+00,1.214901766279808060e+00,2.997781055347172430e+00,5.785421236214399743e-01,-3.235846794660804937e-01
-3.323608108071913758e+00,-2.882891096809830245e+00,1.091758213177090875e+00,-5.885146216610843695e-01,1.977021575759243255e-01
-2.039483968893628152e+00,-2.969004361185753726e+00,1.464746150574975925e+00,-4.063318231009721004e-01,1.053526224080543333e-01
8.961373711215072646e+00,-1.264805419333220771e+00,-8.847905201071659675e-01,-2.266693093488216793e-01,6.553549702449273928e-01
-8.886504876471181813e-01,-3.054176504816140891e+00,-2.199817162706766638e+00,3.313513385563211511e-01,-5.359498942341440753e-01
-4.651437546428047187e-01,-4.980188901739190932e-01,-1.554189824587260293e+00,1.932048791556569833e-01,4.147491743743120587e-03
-2.643868720096193670e+00,-1.141753509666005584e-01,-7.408843796680631977e-01,-2.892130749139252832e-01,-1.002079851932103083e-01
4.806860870511052708e-01,2.564904508662861016e+00,1.587277612854972375e+00,1.755425952275326607e+00,1.096417258468355360e+00
-2.789475693443266291e+00,6.148683070262374706e+00,-1.649751673789935369e+00,-1.003320783846943121e+00,-7.861539685066510907e-01
2.653882537399918640e+00,2.103026601278716434e+00,2.926989264560769133e+00,6.630404119651945871e-01,-6.026258704219564777e-01
-3.389005740632327512e+00,-2.829219137269354256e+00,1.145959830902978815e+00,-5.625558757984748803e-01,2.791107313189126193e-01
-2.148993263838448797e+00,-3.142031341719300652e+00,1.475718834741513108e+00,-4.773576008587864239e-01,2.980313734657164156e-03
9.190569035849138757e+00,-1.178992955258640007e+00,-9.913025023082080445e-01,-6.105752465343714519e-01,6.422819230902937493e-01
-1.024145696888849155e+00,-3.201635419038862729e+00,-1.956389846159547252e+00,4.584204406945341925e-01,-5.472017611645154656e-01
-3.805027335891030815e-01,-3.870317320630028424e-01,-1.728005281506753033e+00,9.279872268652729073e-01,-3.345915538548056845e-02
-2.717824717527529188e+00,-3.421557111229266424e-01,-1.902264877193514669e-01,2.020523681240821504e-02,2.491827616144225988e-01
1.529746180505037190e-01,3.099464272096194239e+00,7.952720508548734024e-01,4.764031647744712550e-01,5.571282121487052263e-01
-2.646716658747870543e+00,6.713970984369125539e+00,-1.538655581836530173e+00,-2.254667261962378377e-01,1.174994441513445564e-01
3.286859526494091632e+00,1.606979789627675181e+00,2.945222155596300517e+00,-4.147065462139505887e-01,-4.717479186820546233e-01
-3.496744909454423844e+00,-3.161995197281217251e+00,1.256769243018030613e+00,-7.578045484146047617e-01,8.428939619608218081e-02
-2.110318325449467292e+00,-3.081296689488422835e+00,1.362697765911275116e+00,-3.962668599838187755e-01,1.257039247297034035e-01
8.936418897112650583e+00,-1.246300297098560605e+00,-9.466840181582980573e-01,-8.877138833807550478e-02,-8.139490360820771098e-02
-1.002777926237627737e+00,-3.269041978190196485e+00,-1.920174463516117758e+00,4.238621132827509741e-01,-5.542013684826904152e-01
-3.677312083440141266e-01,-5.399074177990846879e-01,-1.618014130291302255e+00,8.762611163026048366e-01,1.549028404746556065e-01
-2.706415211775528018e+00,-2.431278716360054104e-01,-3.503094614100413229e-01,1.761116326284151157e-02,2.482565428122278928e-01
-7.674513187864685781e-02,3.125804299919152651e+00,7.837904233420691646e-01,4.543046818557320843e-01,5.808793021405926904e-01
-2.716583730253141038e+00,6.880430448461231308e+00,-1.641602483420150360e+00,-4.704217641299575647e-01,-9.291005381601588620e-02
3.405337449090756419e+00,1.476120020214624295e+00,3.191434718814156302e+00,-2.347790239580863428e-02,-4.492031424591862443e-01
-3.608443401709682696e+00,-3.064389502799753195e+00,1.369876735044937233e+00,-7.975333198714799066e-01,1.559714200121686545e-01
-2.030160433043021850e+00,-3.053237138367970616e+00,1.140504607355565136e+00,-2.984823955356288860e-01,1.592017007713704968e-01
9.103519594150906613e+00,-1.312650859801995473e+00,-9.555059459191166393e-01,-1.821236927710555009e-01,-2.028972414531233504e-01
-7.552925496327929089e-01,-3.063981077388201246e+00,-2.244833872680042308e+00,3.722560729308857508e-01,-5.081493205473638364e-01
-4.996809001348365142e-01,-5.452775585464156860e-01,-1.424275026119435683e+00,3.457245089294366108e-02,3.523818175985565793e-02
-2.525492843334841808e+00,-2.543861685981624876e-01,-6.098382266403971075e-01,3.905906057458866099e-02,1.269750161698521840e-01
4.145083626181963465e-01,3.044822684908366828e+00,1.434325878563297962e+00,1.511223030359508002e+00,1.092229698237031421e+00
-2.747813689513802782e+00,6.145436499774323380e+00,-1.667062810248405302e+00,-1.193107556051658857e+00,-8.213400157528444323e-01
2.348115926233574680e+00,1.517800012450658764e+00,2.728265960835009274e+00,8.160056975204595942e-01,-8.298098691177394626e-01
-3.450143941364403499e+00,-2.876350092421936733e+00,1.142421656697530485e+00,-6.732631181198375225e-01,1.692085818192528568e-01
-2.112581965413325324e+00,-3.040818335811845241e+00,1.357031638174976518e+00,-3.495123266547077168e-01,-5.808294258047849712e-02
9.328381600542229535e+00,-9.272459643667849694e-01,-7.160351985825328391e-01,-5.572333114521831332e-01,7.937306700124335812e-01
-8.097423730394887054e-01,-3.184389122147599060e+00,-2.244424531653042010e+00,2.342208846075911066e-01,-5.294926000410100642e-01
-4.586467429362512394e-01,-6.953647274950612855e-01,-1.546091206023664233e+00,-2.688883220109985692e-02,-2.397058304767635817e-01
-2.571082528480960416e+00,-1.854398220657490493e-01,-5.908883634253111472e-01,-1.355621935412426420e-02,1.507260080862566076e-01
3.756695449030511003e-01,3.245422452415640979e+00,1.384346964638266231e+00,1.688908252279665234e+00,1.089999749443335775e+00
-2.839748617817968945e+00,5.976703313714336829e+00,-1.635573124809643897e+00,-1.138640857422497321e+00,-9.170880253542250671e-01
2.411973540626902945e+00,1.836191712020496469e+00,3.075618556572397466e+00,1.109271340773323233e+00,-6.958792634185188009e-01
-3.293437769361752920e+00,-2.755841056070765127e+00,1.087157466682089790e+00,-5.354785516902447196e-01,2.152323074342994969e-01
-2.064233348929407796e+00,-3.088403216848340627e+00,1.325734904281570037e+00,-3.216888929052261203e-01,-9.022673843178619091e-02
9.249248295035878087e+00,-1.148879533522961793e+00,-8.558806662626610162e-01,-9.961471240873890354e-01,1.016434392758410965e+00
-7.815194787865596959e-01,-3.359535311958695036e+00,-2.156135409220044874e+00,3.985976648683745016e-01,-5.571548752722016440e-01
-2.431010806374807875e-01,-7.827788088799215727e-01,-1.234185087418075755e+00,8.009896115361246904e-01,4.267379308317749143e-01
-2.559853800534105606e+00,-2.767278291999046291e-01,-2.878675320160344886e-01,9.371154250629521940e-03,2.765815877840314685e-01
-1.445268822909325790e-01,3.784984543809157831e+00,6.857719428092690084e-01,5.133624855000653575e-01,4.082058311727744249e-01
-2.732299971567593744e+00,7.059760781765813675e+00,-1.663728078094617979e+00,-9.987849724735791135e-01,-4.206583586539448527e-01
2.597014178254309691e+00,1.230697618063238297e+00,2.751614736328559463e+00,7.273673797919555373e-01,-1.039906624683996750e+00
-3.456794796837657557e+00,-2.884806295733052028e+00,1.338677976314583074e+00,-5.624089866004383653e-01,2.742869180648955796e-01
-2.217075316736841994e+00,-3.164021450544192149e+00,1.193826784759921544e+00,-3.170814850257583917e-01,2.017272358313566133e-02
9.538157149136862856e+00,-1.607573247322440446e+00,-6.279753334635602702e-01,-5.714128518473738927e-01,6.117348671735304277e-01
-9.681329611055214945e-01,-3.387606903269826386e+00,-2.041862468614976667e+00,5.737795978412609799e-01,-6.151851016156473229e-01
-5.631884470961298073e-01,-5.093754622787112218e-01,-1.648573456555181727e+00,9.653587099181815123e-01,2.314030497851547047e-02
-2.815266030220246574e+00,-1.012402082524666680e+00,-4.553265643948201796e-02,-1.337473114543095976e-01,2.040085215442342670e-01
-1.617100112801723166e-01,3.310894440056504795e+00,9.127523320982535715e-01,6.741403160974689390e-01,8.558884865564221345e-01
-2.958542496062381399e+00,6.861143688641401006e+00,-1.611001808500814647e+00,-1.406888193962068545e+00,-9.619018346276481113e-01
3.365324268573480104e+00,1.481391134153313471e+00,2.812370663449824892e+00,-7.186213820942345676e-02,-2.770785655505471085e-03
-3.574330509413042201e+00,-2.926542858977816852e+00,1.291666153690444130e+00,-6.607089407510294832e-01,2.972299080503684743e-01
-2.230076669298630687e+00,-3.018723108176247560e+00,1.167049349204334785e+00,-2.694621395749660642e-01,1.541816827946099200e-01
9.905922855902645097e+00,-7.987788476239487956e-01,-8.368681083324012171e-01,3.293901000948846747e-01,4.540881797464978165e-02
-1.057483681771882678e+00,-3.345696697921253460e+00,-1.824905036460439556e+00,6.894221951491996681e-01,-5.703350692639661546e-01
-5.096243715657611251e-01,-1.021526023030498331e+00,-1.643322278903321054e+00,1.662355057203752651e+00,3.794638899967474610e-01
-2.796065217558096450e+00,-1.008047847863438928e+00,2.564347013817298016e-01,2.538595434399687489e-01,4.728962575096290477e-01
-6.321377478586668319e-01,4.226769489111474876e+00,7.803709413968262787e-02,9.333016475059408013e-02,4.430132970206230869e-01
-2.986661219537202872e+00,6.151880358736807608e+00,-1.237600205875970527e+00,-7.742822094789297838e-01,-3.410927617060137695e-01
3.870111187513293416e+00,1.898040131895884386e+00,2.644770103111027115e+00,-9.535659972244704408e-01,1.815213037584883782e-01
-3.596338962707297249e+00,-2.694491418622482648e+00,1.273738258961877312e+00,-5.543263974619293544e-01,3.831637259055983291e-01
-2.635109732512732617e+00,-3.241631018239373496e+00,9.139155389408203378e-01,-4.092871943322727857e-01,1.358347456085398086e-01
1.034330974599834718e+01,-9.652969740671197840e-01,-4.610681752954082224e-01,-7.505162045913497081e-03,-1.084465388829646937e+00
-9.678149025119027193e-01,-3.121359963796803694e+00,-1.950101571053459715e+00,7.623045815725445484e-01,-5.124662202112162390e-01
-3.962264018827048040e-01,-5.896208506559090790e-01,-1.570005308739557570e+00,1.648861257661822233e+00,4.119370899519121387e-01
-2.808199621011823410e+00,-6.551197788688383206e-01,1.327312286681390785e-01,1.357120851079554949e-02,2.865005491926947978e-01
-4.416613733856177837e-01,3.360274913506285266e+00,6.157623479402324351e-01,1.293186154368272389e-01,5.271755725267961434e-01
-2.800949202618875589e+00,6.384115164268383324e+00,-1.241883156144295119e+00,-4.079348385484689588e-01,7.045718091482526535e-02
3.302270107261543686e+00,1.431199226875549568e+00,2.370413930503840749e+00,-1.114194384126760751e+00,-3.779442035468101868e-01
-3.606764058819996510e+00,-2.828626018374122086e+00,1.307365381799380444e+00,-6.564094486751009816e-01,2.495941995894037924e-01
-2.407215641609842915e+00,-3.162978821732113754e+00,1.047368808003869889e+00,-4.383140481663017063e-01,4.996151229247289965e-02
1.012656109457921616e+01,-8.178838712224281160e-01,-7.116516609781509128e-01,6.279705633464145731e-02,-7.052156807100792291e-01
-1.111772313617003460e+00,-3.238617009425046600e+00,-1.964254389253016875e+00,5.513239187348940584e-01,-6.027712770357691596e-01
-5.358628309792563549e-01,-6.424608471900793427e-01,-2.061204980976779400e+00,1.203017963649081645e+00,-4.859646376221394420e-02
-2.857879018671404037e+00,-8.794650997056315811e-01,5.489910192011800139e-02,3.764843044788602350e-02,3.994237553184828426e-01
-3.270050472595922852e-01,3.542693959381717050e+00,9.142868540118683773e-01,4.820802385437558679e-01,6.696143788376671679e-01
-2.771616758913337808e+00,6.593908438486444368e+00,-1.455974454943090191e+00,-2.840460875906630211e-01,-1.531726847452242468e-01
3.884077194247474552e+00,1.539613566295956693e+00,2.824402607036624602e+00,-7.309362989392386156e-01,3.347483300346350971e-02
-3.587897220554579381e+00,-2.938158874220901495e+00,1.223327405420425729e+00,-7.480085294376002114e-01,1.975472762875551402e-01
-2.340153193631090645e+00,-2.988789045808209810e+00,1.123574869507885099e+00,-3.172590565072481716e-01,2.243470154935696403e-01
9.648109189378788031e+00,-9.887250878142505028e-01,-6.590570127240352738e-01,-1.938205789008682900e-01,-7.198668333975315470e-01
-9.166286034306541097e-01,-3.182615275393319454e+00,-2.094989542568246321e+00,6.614613859160217713e-01,-6.032205361051991011e-01
-6.147615517946688479e-01,-5.406460032671565052e-01,-1.575767627463023679e+00,1.070113597655173221e+00,1.809506462530253990e-01
-2.698948868660285161e+00,-8.595141440482294559e-01,-1.125563377929535008e-01,1.336840671148288029e-01,4.575059781637403900e-01
-3.059260645349629049e-01,3.335466471812858824e+00,8.419227551630501516e-01,2.863442298853989820e-01,4.834147052688275714e-01
-2.758262589291168076e+00,6.971706744922354204e+00,-1.643117317916521714e+00,-2.088396332304847947e-01,1.818007850664583314e-01
3.690001561779989281e+00,1.563240306574814165e+00,2.698034389806663658e+00,-6.684907845901857382e-01,-4.484197377116574956e-01
-3.562274139014753871e+00,-3.002755786639601965e+00,1.172679115211893830e+00,-7.463727746604686963e-01,1.409112657593646345e-01
-2.271305319979346038e+00,-3.128093759235027083e+00,1.243164733977145442e+00,-4.354263726813999424e-01,1.187473107452606258e-01
9.438105574925851116e+00,-1.156788554726690510e+00,-5.293701684180092126e-01,-9.247371540888404962e-02,-5.116904174398205773e-01
-9.007586939168588103e-01,-3.070354953108915375e+00,-2.029904682925780968e+00,6.745166481664308655e-01,-4.803967644497291745e-01
-2.790268813780936719e-01,-4.290584830365935520e-01,-1.417520965644139208e+00,1.592249800218603628e+00,4.763002333666500054e-01
-2.688842667073361614e+00,-6.293016808746270119e-01,-1.635010508219394421e-01,3.235199296009240791e-03,2.847511329607590458e-01
-3.033903555617263326e-01,3.305326615449712957e+00,7.478852463464228384e-01,-2.102863654386949444e-01,1.619064707418258753e-01
-2.721574988047768873e+00,6.092217852797116251e+00,-1.183282339317038412e+00,-3.593379291561036859e-01,8.014721221984742738e-02
3.106534375736075937e+00,1.286593928729979464e+00,2.350043839336264373e+00,-7.878395237692864539e-01,-6.917798565423171064e-01
-3.651958957599577005e+00,-2.892995895154821806e+00,1.297341719296867035e+00,-7.727778145807329135e-01,1.688357852667808079e-01
-2.250068128610843932e+00,-3.016149907040742928e+00,1.169799132938263764e+00,-4.137867981974480691e-01,1.852018887252277202e-01
9.689086296452154912e+00,-6.462774777611103305e-01,-7.708608992089185374e-01,2.740267834612217790e-01,-1.849661022890447259e-01
-9.844324562538013801e-01,-3.276705950616683793e+00,-1.891429431083847756e+00,6.840546045560058630e-01,-4.692718726118286221e-01
-5.365541719651467645e-01,-8.713351933043377295e-01,-1.466536855701604081e+00,1.567348952756867364e+00,5.415428167033763396e-01
-2.576546165698081481e+00,-8.681259798218252666e-01,3.107777366303568489e-02,3.631137030458407855e-01,6.344155028027971266e-01
-6.946910541816577744e-01,4.138672886317968924e+00,2.043710573465699343e-01,-9.674741154818966571e-02,1.852741976401335866e-01
-2.887742231974740115e+00,5.575688045003110105e+00,-1.216772981939629350e+00,-8.295713118297973754e-01,-3.242663275714358084e-01
3.709962397597463823e+00,1.952042002752123029e+00,2.508929849631222009e+00,-6.010015782091466807e-01,-2.865091395315036982e-01
-3.553889628529300904e+00,-2.703800613790773522e+00,1.287903470371990933e+00,-6.061280238152494393e-01,3.342375669540563199e-01
-2.515436196827005144e+00,-3.135732124811049903e+00,9.835549090485224966e-01,-4.003414613475776984e-01,2.774813120094692387e-01
1.003932950783226907e+01,-8.107030717285359511e-01,-4.410977913362594816e-01,-8.072747360875417999e-02,-8.929040563950650933e-01
-8.638305858701446072e-01,-3.527009271619669928e+00,-2.108798636011921523e+00,5.077252434784875756e-01,-5.946487338404500278e-01
-4.994553134450335219e-01,-6.984059266064658322e-01,-1.462793545512542925e+00,9.655569067913581938e-01,2.192865619047999759e-01
-2.633391857519116197e+00,-8.581719755233720992e-01,-1.545206248837681373e-01,2.007548797115122075e-01,4.767524819237485278e-01
-3.622178309105277272e-01,3.715678141161038894e+00,7.172149150136507556e-01,1.564516797258128089e-01,5.693919983796648099e-01
-2.855395783968491141e+00,7.750883710058658949e+00,-1.925156227969053280e+00,-1.107811423116373595e+00,-3.598852456714797254e-01
3.227026565281149395e+00,1.478707078756667181e+00,3.043229806028113327e+00,3.328911254976688605e-01,-6.261154306899084920e-01
-3.502742660456030777e+00,-3.040423726673875393e+00,1.306250404992222780e+00,-5.951746850381425258e-01,1.952458606330731150e-01
-2.320081645618245147e+00,-3.263608333431583741e+00,1.138041381171215560e+00,-4.225701091482281790e-01,1.556942408531115651e-01
9.810089112506439335e+00,-1.557649696121396365e+00,-5.534674728279170841e-01,-3.782361790209665814e-02,-3.572173349255992197e-02
-8.099266312217177077e-01,-3.300686707052715274e+00,-2.287558079066613903e+00,4.990616140693127090e-01,-6.794160440617343921e-01
-6.398157957100021331e-01,-5.298973029208849939e-01,-1.582273587735255171e+00,5.756811297349062606e-01,9.309625872645710398e-02
-2.784272473692906757e+00,-8.300356635626294777e-01,-2.476852067191914197e-01,-5.009601796283784658e-01,-9.241225745920905732e-02
-4.317702829178838297e-01,2.635334006154298248e+00,1.035059422305526722e+00,9.944478119260219406e-01,1.240187705335641821e+00
-2.996432690480267169e+00,6.662089173718664270e+00,-1.636291367725059231e+00,-1.682357192965274528e+00,-1.025910100718011808e+00
3.209154597336313142e+00,1.816098800791901668e+00,2.948620992223642823e+00,8.413044033540174604e-01,1.407003982342411585e-01
-3.513545817179441144e+00,-2.970224860879095541e+00,1.237834349010397350e+00,-6.642383955698667464e-01,2.826250582715746917e-01
-2.412395951511623782e+00,-2.947384961798741987e+00,1.084970333106629825e+00,-2.500160704993382166e-01,1.976355701134593634e-01
1.037900504537753221e+01,-5.352924844507971347e-01,-5.526768554000759393e-01,1.870768795785982819e-01,-1.565065884424197418e-01
-8.565563452429935110e-01,-3.509206278036427928e+00,-2.035919380115849719e+00,6.690743863957596682e-01,-6.815561391455123852e-01
-6.379352837970321266e-01,-7.527717137999075936e-01,-1.422184737805902044e+00,1.189643073038956889e+00,3.832618855074708675e-01
-2.723382296854089724e+00,-8.220515926874117918e-01,-7.043537897486998323e-02,5.944889721049551046e-02,3.093196417594205605e-01
-4.392720996519245968e-01,3.701267548757641190e+00,5.824233159694529594e-01,4.326261898545367690e-01,7.962290717102942228e-01
-2.933461886672138696e+00,7.353451103068087136e+00,-1.737133727707296460e+00,-1.006480519034382848e+00,-2.735845615689619925e-01
3.504797978342566456e+00,1.713815848411560649e+00,2.693962864457895012e+00,-4.820470280358374326e-01,-7.991315743829420504e-02
-3.539939701098343328e+00,-2.843944856222557327e+00,1.351745696634508276e+00,-5.613466912068980630e-01,3.210886481268153680e-01
-2.408743572018849477e+00,-3.416026459693096928e+00,1.133555122232296819e+00,-4.906561369832784791e-01,1.696843325756972054e-02
1.003449320699280634e+01,-1.424533599797885852e+00,-4.960137746902348321e-01,1.897378287606472647e-01,-7.918138222088019207e-01
-7.824951480387166702e-01,-3.281869362311280902e+00,-2.298814064868584861e+00,5.575781151162152449e-01,-7.429344897040377482e-01
-6.886697549053898415e-01,-5.655687903248465265e-01,-1.509394393549745583e+00,7.574125189750361420e-01,9.031492969542982696e-02
-2.786289932546095915e+00,-2.775918011070953040e-01,-2.945365139575178426e-01,-1.862921051565322728e-01,1.177821215199716526e-01
1.552440030724146387e-02,3.209066928735411217e+00,1.224056059544755160e+00,1.070732694738401491e+00,1.136584424008738381e+00
-2.735429696215238238e+00,6.473115127951107439e+00,-1.504876896312984824e+00,-8.988514424317239904e-02,2.791309450162245964e-01
3.416567556079979973e+00,1.547314230601706253e+00,2.659405810451940688e+00,-7.549827103401656192e-01,-5.972835724350081810e-01
-3.598759343508826980e+00,-2.765864192244612330e+00,1.246087081342692748e+00,-7.861052684731314466e-01,1.475026684306360858e-01
-2.047342532425882045e+00,-3.057059600901812058e+00,1.387226438912121607e+00,-3.913249166455486372e-01,1.501066692652787693e-01
9.206894451252924938e+00,-1.281542540398576513e+00,-9.091535215626770361e-01,-1.771331839711037803e-01,-5.812036957972328555e-01
-9.177633602474410957e-01,-3.218655524854993732e+00,-2.065420425309494767e+00,2.416357337433901464e-01,-6.394749190473782985e-01
-3.279678637287128939e-01,-4.532473848543046024e-01,-1.464046646501333315e+00,5.572340842258325516e-02,-3.625567758394973583e-01
-2.512340847232235053e+00,-1.125496881419035256e-01,-5.482798933610688596e-01,8.990742315589236519e-03,1.033351145284228806e-01
2.690483640063737747e-01,3.233104846872229654e+00,1.288175758229537449e+00,1.471891440146156249e+00,1.234439424115667094e+00
-2.342282274233635775e+00,6.166397692461201174e+00,-1.489548959119166627e+00,3.352168796500857306e-01,4.425971267564023925e-01
2.494299371770837492e+00,1.958482092258313711e+00,2.660377464011083326e+00,4.222899207272780980e-02,-9.099279268630293682e-01
-3.429903600137854891e+00,-2.879516676074549419e+00,1.126702346888977857e+00,-8.264732484759377273e-01,-2.865822973595161943e-02
-2.093062129422950335e+00,-3.174010569281319860e+00,1.483458438706300564e+00,-4.200877804496233603e-01,-8.008360825874379085e-02
8.859972339225617333e+00,-1.520004788384675898e+00,-9.914180835448355156e-01,-9.091261674249716540e-01,2.403297943441082274e-01
-7.903527422278691095e-01,-3.132727989064898466e+00,-2.177631748869854444e+00,2.240720322811100840e-01,-7.176935271226457802e-01
-3.361729293497149884e-01,-4.586094584565935106e-01,-1.461605197290494207e+00,1.708370574562068644e-01,-1.975499876001970412e-01
-2.608160784557903344e+00,-6.898708025516371058e-03,-4.722004659619066791e-01,-4.181116143414376207e-02,1.838179125276901138e-01
1.391431129676428957e-01,3.063587111724120682e+00,1.287473970297828618e+00,1.648510942717068106e+00,1.295348201242386699e+00
-2.542064031213941533e+00,6.175711662300638061e+00,-1.370388979060765955e+00,3.082243513402287416e-01,4.619717089666666721e-01
2.443499133007097424e+00,1.889526844033081465e+00,2.824080556294595201e+00,4.675234652754800546e-01,-1.197506512473122342e+00
-3.404933193123721669e+00,-2.791856434601024617e+00,1.107153459067210521e+00,-7.851819805614157488e-01,-3.977453868394947856e-02
-2.148410404598742218e+00,-3.173436959414673186e+00,1.376130556349536072e+00,-4.389832053268823975e-01,-2.085774040381832284e-01
9.247451839097154291e+00,-1.565296068495135806e+00,-1.113012150826147906e+00,-1.553191501747653414e+00,4.199641471813533311e-01
-7.642210751955295089e-01,-3.239631890711522022e+00,-2.332793659038777445e+00,5.194025875786455471e-01,-6.567964411143819570e-01
-4.431150517403247280e-01,-5.461580646937510553e-01,-1.550314027267195138e+00,8.019045184752360278e-01,3.136776464314380286e-01
-2.770192113022506231e+00,1.315410569464015586e-03,-2.463859563675204478e-01,-1.440608733783140527e-01,2.761170502014943517e-01
-1.242285943214533478e-01,3.084318907075100036e+00,1.311350367952137885e+00,8.014719465122429609e-01,1.004682356760191908e+00
-2.639160129823238332e+00,6.089516499629354485e+00,-1.438621910432473783e+00,-4.010792538012207253e-01,5.566387035507852632e-02
3.083965991386304673e+00,1.773964087713987503e+00,2.760060908285523418e+00,-9.996523096740320136e-02,-9.591470977133095266e-01
-3.557234169652247591e+00,-2.743762157619841435e+00,1.216199708761983800e+00,-6.986049126901781037e-01,2.144691746917382347e-01
-2.187088083981274966e+00,-3.069283573646969909e+00,1.274394009339854028e+00,-3.205584531620717104e-01,1.339126654207735134e-01
9.401273226350269852e+00,-1.350279218315819207e+00,-9.938894412335321782e-01,-4.585103285669375195e-01,-3.825792250330237732e-01
-6.929834417475919661e-01,-3.489230983033902778e+00,-2.288718445241995969e+00,6.339238814735077554e-01,-6.181824657864380956e-01
-7.410137716297982013e-01,-4.217690047814474652e-01,-1.355605349505596413e+00,9.771143202742799128e-01,4.469375233999495212e-01
-2.734122893218590811e+00,-8.311117518353954292e-01,-9.120498246186754809e-02,1.516550740737544756e-01,4.122908495766315351e-01
-4.234307872714112575e-01,3.546038857678635470e+00,7.340292915226416248e-01,5.202839378736460185e-01,7.289628472094296097e-01
-2.950722351819880629e+00,6.668118461862262869e+00,-1.649745357995278550e+00,-1.067328361387363866e+00,-4.776976798223291909e-01
3.237626234097179978e+00,1.696411610506064482e+00,2.745068586455819304e+00,-1.196893199142723824e-01,-4.756540175546292715e-01
-3.595789545347042537e+00,-2.859021437396034315e+00,1.175475762558324089e+00,-6.763745212365139814e-01,2.367646830353038467e-01
-2.361220635772065091e+00,-3.198528484547096706e+00,1.144072897810451739e+00,-3.648287839341652350e-01,1.364839153567804220e-01
1.026165719270920107e+01,-1.110907268453085406e+00,-4.133724031424984013e-01,-5.475622722287409178e-02,-3.899056554146994036e-01
-7.572554973470526640e-01,-3.445517105871926944e+00,-2.294893538284771495e+00,3.541238118316336059e-01,-7.159274897703608032e-01
-5.834451180764169687e-01,-6.158342042981441722e-01,-1.517891236597765925e+00,4.979385129407884469e-01,3.044587988491223585e-01
-2.750568186185397224e+00,-4.709060822247416178e-01,-3.996530680622411014e-01,-3.892795052833574188e-01,7.860408406143490345e-02
-3.689271564179311680e-01,2.833044476963513691e+00,1.037451218143700782e+00,1.015032443298409692e+00,9.985669389374690619e-01
-2.919180979200862058e+00,7.217823962851370290e+00,-1.805721142753479391e+00,-1.213803037319064249e+00,-3.115910261359519651e-01
2.721378629948282502e+00,1.697489808053080917e+00,3.109245886799976599e+00,7.805778075827503049e-01,-9.903678817462721051e-01
-3.501314680942327229e+00,-3.005513390406397534e+00,1.265375966378762040e+00,-6.810906237697783583e-01,1.851767263351238313e-01
-2.264932101883432303e+00,-3.006073133185537927e+00,1.177859995489406453e+00,-7.487587963868068408e-02,2.312000181774020169e-01
1.042424509010513134e+01,-1.204514331881218814e+00,-5.717740811135890722e-01,-2.886235296427033248e-01,2.198798312920325071e-01
-7.976294339227434360e-01,-3.361048055099515874e+00,-2.262668322673477395e+00,3.524712009317734762e-01,-6.321013678100115829e-01
-4.684960378622189392e-01,-1.057018615684645058e-01,-1.486580504577924344e+00,5.013454323565217363e-01,2.946330249938549084e-01
-2.778507281001176832e+00,-9.431639574645991342e-01,-2.149485124630192423e-01,-3.215744936627172312e-01,7.765597201047420850e-02
-4.160079239706021559e-01,2.501101585047406317e+00,9.798182689890351238e-01,9.901593040327804074e-01,9.973762651474703533e-01
-2.823928164596061663e+00,6.661522816139955339e+00,-1.529309383566221037e+00,-1.187736995662719508e+00,-7.982351629312983698e-01
2.437514643226636579e+00,1.371095896339955766e+00,2.790616371868063439e+00,9.763155099421839678e-01,-4.937438782273550486e-01
-3.596230827433408717e+00,-3.008282632559339920e+00,1.271480754290334358e+00,-7.519138073074129736e-01,2.336830561494316061e-01
-2.238447241234187146e+00,-2.811452290748570615e+00,1.179237097884419549e+00,-2.022741598882289715e-01,2.444088021845068903e-01
1.068173226679375887e+01,-3.040715000868238760e-01,-7.276457697512093148e-01,-3.567919907421812642e-01,7.632328848292700696e-02
-7.336303813960012299e-01,-3.304129955797853846e+00,-2.288964964998672080e+00,5.766593941660578260e-01,-6.292124210977413368e-01
-4.745098542481385739e-01,-4.851721424980688369e-01,-1.602130856929598668e+00,1.059621399837515021e+00,3.057545351559047275e-01
-2.761114272601921105e+00,-5.132999800057922446e-01,-5.416557668420779459e-02,9.575869576009533868e-02,5.045774426453832895e-01
-4.445365077173739077e-01,3.159965893874022047e+00,1.013257445144131852e+00,3.540146495534184923e-01,7.671886764247529689e-01
-2.878268866869979625e+00,6.829075085800941913e+00,-1.502662804347355996e+00,-9.973263071406606173e-01,-3.897139724425931484e-01
3.049706456862117054e+00,1.264181646021579564e+00,2.741099775670055028e+00,1.155913554733966342e-01,-5.029343235792309574e-01
-3.525718684736772079e+00,-2.863284078291106205e+00,1.257786552766605004e+00,-5.814082406778851020e-01,2.884542746696976412e-01
-2.371282335840266597e+00,-3.022103691960284166e+00,1.055483785352949289e+00,-3.789913625160529209e-01,1.970159465781242958e-01
1.013935444654834228e+01,-1.065232777143432674e+00,-6.197033559739069108e-01,-2.439195844558851578e-01,-5.411301583542978966e-01
-7.717039236358633758e-01,-3.180533283118409660e+00,-2.206811046572124901e+00,5.805130762979165970e-01,-5.619490257990443771e-01
-5.254507997901092242e-01,-2.228085041959511348e-01,-1.492909327802590669e+00,4.198594423192296698e-01,-3.705369010071823954e-02
-2.631176684921634479e+00,-1.733625201434162710e-01,-3.407733117055523619e-01,1.021311944763982210e-01,3.423893022489264415e-01
1.893279522105039969e-01,3.049547001359335319e+00,1.035960378853748143e+00,8.003570867899920671e-01,7.282235591077331760e-01
-2.505939512623877263e+00,5.575998251196575772e+00,-1.263512173603775768e+00,-4.710500851372974307e-02,1.726028900881631523e-01
3.116677264628375799e+00,2.036616465087166983e+00,2.891630993326642418e+00,-2.569264046044865066e-02,-8.330033733812435282e-01
-3.500261078484451005e+00,-2.685643673079124660e+00,1.084302554209379155e+00,-7.750462024867973421e-01,4.846783963020721148e-02
-2.087422109541258397e+00,-3.084100750762053256e+00,1.337545616516893743e+00,-4.346898598939330505e-01,6.841749636139270001e-04
8.715948892158310812e+00,-1.315712986344122593e+00,-1.045433683222617649e+00,-6.203270885286282788e-01,1.396383232423622778e-01
-7.286234152874776493e-01,-3.074019874278444586e+00,-2.284043753808733257e+00,4.539484078007058887e-01,-6.115191964830696270e-01
-3.369562399380912066e-01,-4.527825426407824927e-01,-1.385424732962747596e+00,4.574142078772163167e-01,1.555818169247235316e-01
-2.639587605287400329e+00,-3.837479347418579767e-01,-3.746434601268746611e-01,-5.350355377917909855e-02,1.023390000731887184e-01
-2.274305424169642195e-02,3.252183575535247062e+00,1.021419426284864151e+00,5.118396410761412163e-01,3.595503176405077661e-01
-2.460703040236088768e+00,5.623383688809709291e+00,-1.290176616445321001e+00,-2.332291746148934253e-01,-4.392526362020905684e-02
2.923613617588843638e+00,1.833557839165589565e+00,3.036401846499950263e+00,7.788767708508241849e-01,-7.309510234506679804e-01
-3.559934734727125960e+00,-2.866417404115382705e+00,1.089163123560681568e+00,-8.240608860613530817e-01,1.703013677311015356e-02
-2.184382039928854269e+00,-2.981046161041747133e+00,1.319007610115836560e+00,-3.937401142786317587e-01,3.062682860277305547e-02
9.009316512057889526e+00,-9.511111866923310787e-01,-1.131703443117656915e+00,-6.975452988708314983e-01,7.212673835396433697e-01
-7.119149269703234362e-01,-3.073638088164086124e+00,-2.311457178121698597e+00,2.787958353644839904e-01,-6.205645535027843884e-01
-4.085971618450370269e-01,-1.955206977633381360e-01,-1.524718168174271415e+00,2.476022829895595800e-01,2.554240774403245817e-01
-2.586850917091255919e+00,-1.974773767951707726e-01,-4.564165806679204573e-01,-4.345815708887831863e-02,2.119752946352014833e-01
-1.504595437993550278e-01,2.619320754273790630e+00,1.210585344600617397e+00,1.056359452229430174e+00,6.450747763547131086e-01
-2.453485535880252755e+00,4.983919518912924396e+00,-1.092855684754093115e+00,-1.220401467636204884e-02,7.675736599041077524e-02
2.583753752171539020e+00,2.153027067890548985e+00,3.079187672652578200e+00,7.483144455088953650e-01,-1.439840130905097659e+00
-3.606593862654128735e+00,-2.618693584267889563e+00,1.093249241317245657e+00,-8.218193846007930681e-01,5.663762390906320471e-02
-2.233123457421282598e+00,-2.976895819567968449e+00,1.116723551896662281e+00,-3.094342452000722332e-01,1.125267794493249769e-02
9.567271653490097449e+00,-6.940417745188125487e-01,-1.114298198749119395e+00,-1.144156214526264481e+00,8.032828681332366827e-01
-5.878120323602912256e-01,-3.190986276154818668e+00,-2.369005336899902225e+00,4.367626420594625802e-01,-5.678270569126311340e-01
-3.570536886527918008e-01,-1.448310350139841995e-01,-1.425592690856247513e+00,3.662938164514416561e-01,1.654990466798273718e-01
-2.665954041050580869e+00,-2.548524727465227291e-01,-3.619112358551357378e-01,-4.238719769042464253e-02,2.599998558194442366e-01
-2.345541824266190734e-01,2.988625778409450096e+00,1.073584149328234538e+00,1.054128714430892400e+00,1.032018604344674184e+00
-2.645515675413439016e+00,5.571337233559061630e+00,-1.081841053918369155e+00,-1.232235685576899137e-01,2.000149290374075017e-01
2.481615969668404809e+00,1.829348109979104686e+00,2.852565220490478115e+00,3.214389624103550225e-01,-1.388747379466293896e+00
-3.496794343658105930e+00,-2.620764138376291630e+00,1.097949905484988609e+00,-7.531774051455301100e-01,1.175557512729123177e-01
-2.257129506095433502e+00,-3.076099553005076093e+00,1.174723856879617445e+00,-3.224455826038772344e-01,-5.410452919072672451e-02
9.763197499988855554e+00,-1.101777646650921705e+00,-9.604728146536639644e-01,-9.373903813546310415e-01,2.355907784153854767e-01
-6.360126506639136590e-01,-3.284501492351156404e+00,-2.413617406191523873e+00,5.232860519294619817e-01,-6.244322110985012220e-01
-4.681627822556582719e-01,-5.845012693335784881e-01,-1.482274406833124170e+00,8.690865998878989362e-01,3.770768164948002377e-01
-2.780760235139769776e+00,-8.000162603612378520e-01,-9.253195408435833935e-02,-4.685188991282192295e-02,3.450614442460228637e-01
-4.863804126339134615e-01,3.553284046185810396e+00,9.387121312421409236e-01,5.084406485781224339e-01,8.015465977732145753e-01
-2.867863893318125079e+00,6.428895237025387566e+00,-1.568861772560840917e+00,-8.395711124722129437e-01,-2.185234038655693989e-01
2.773260537082330224e+00,1.394707178626454436e+00,2.756166213144740418e+00,3.453092373145335015e-01,-1.072787894208900639e+00
-3.514563039677538914e+00,-2.802437462829970194e+00,1.286149522438876813e+00,-6.452149808537399611e-01,2.928772598383203030e-01
-2.306878954456728081e+00,-3.045712391050206858e+00,1.039358902056384482e+00,-3.590825787618409093e-01,1.604297205045026320e-01
1.028736143106331724e+01,-8.597175859115050445e-01,-4.631012292122941298e-01,-3.554019757094024068e-01,-6.124832968389101046e-02
-7.304121208458930203e-01,-3.291906315209160550e+00,-2.317008880985181207e+00,3.702415276168552483e-01,-5.551039412965566022e-01
-5.115512913468230893e-01,-2.096992820775558930e-01,-1.443316917448098202e+00,4.418869113332241638e-01,3.150631095094270639e-01
-2.809594872146840672e+00,-7.680786138868980206e-01,-2.738880842454318176e-01,-3.230827531573606803e-01,7.899351953524845482e-02
-6.674319429874863152e-01,2.325748940032534851e+00,1.063849287796114540e+00,1.072325959711429189e+00,7.201060701282773202e-01
-2.868550827268083303e+00,6.708278077140498397e+00,-1.575127693307493804e+00,-1.179094060393720556e+00,-7.365791833043706660e-01
2.310333319614557457e+00,1.377211608967826351e+00,2.908425275630244222e+00,1.254540890382057183e+00,-1.399262445782112563e+00
-3.584788972082576297e+00,-3.006886651324860882e+00,1.256202781889087294e+00,-8.234555966127086180e-01,1.283580738200321980e-01
-2.474451548822519609e+00,-2.841494577445708991e+00,1.323826331802382406e+00,-1.201666309517301634e-01,2.412739965097257522e-01
1.133644825588566540e+01,-2.931731861966721531e-01,-9.429621011316228207e-01,-6.931962479280471268e-01,1.207150800880328001e+00
-7.591773592716434260e-01,-3.109956587181419874e+00,-2.296634994760071269e+00,3.234691635361109374e-01,-5.690908948243219578e-01
-5.734160139628011743e-01,-2.821420980741780049e-01,-1.401904242479810714e+00,4.170819622871393961e-01,2.883612739505873601e-01
-2.861937304747319555e+00,-7.345836808309660348e-01,-2.338302774303949727e-01,-5.079035443632703428e-01,-2.690164542232955855e-02
-5.156283288304478463e-01,1.953829348188315107e+00,1.093669704469599324e+00,1.302271374806667215e+00,8.900734896117474815e-01
-2.810702923666932751e+00,5.944292197498811881e+00,-1.280095679588117985e+00,-5.919250414848202801e-01,-1.202199504978904293e-01
1.648057272648199678e+00,1.612249310756581844e+00,2.602387578597010531e+00,9.338367011820423169e-01,-1.137871555591706496e+00
-3.543270882697765245e+00,-3.115643093920057449e+00,1.058283936452582896e+00,-8.396984728319903946e-01,-7.854559516893616991e-03
-2.261145469574544986e+00,-2.622366324255926973e+00,1.105459104554062266e+00,2.335376110427289306e-02,1.804537329534469936e-01
1.167722101010325098e+01,3.543209278188395595e-01,-6.473351298148600774e-01,-1.060485904236153409e+00,5.030501093373596078e-01
-6.464291703379971832e-01,-3.250035209769766453e+00,-2.371325876628981977e+00,5.107541985082522107e-01,-5.789799166287163956e-01
-4.440180185389390743e-01,-1.524328633403998490e-01,-1.428764597929772506e+00,7.045567957785106028e-01,3.501296732956477031e-01
-2.711428428885987341e+00,-5.596155285111503730e-01,-2.459150250878243960e-01,-1.436181004329155353e-01,2.253473455597505559e-01
-5.023813085841828396e-01,2.848689057370822564e+00,1.236317128188368697e+00,6.429315929824372944e-01,7.851907013895335075e-01
-2.804831005133349375e+00,6.882238416528854152e+00,-1.497359638819162120e+00,-8.021191484478303879e-01,-2.782465804085883510e-01
2.586755468160362170e+00,1.314599176031278738e+00,2.757461890038334307e+00,4.699614581563136828e-01,-7.588201058629978624e-01
-3.510974066859728460e+00,-2.911776690354887176e+00,1.217953435306214693e+00,-6.826541055698773786e-01,2.203724024367244017e-01
-2.174765776015476160e+00,-3.023681155223512551e+00,1.078487593314093163e+00,-2.734573719490472343e-01,9.889259061074882895e-02
1.020807230619529804e+01,-1.147985202731239829e+00,-7.468549083812708878e-01,-4.263553190258443926e-01,-6.388611039210259634e-02
-6.641894128595603464e-01,-3.196200785552554713e+00,-2.313474795785266380e+00,6.133349436804704791e-01,-5.574019323671620674e-01
-4.327469806710532718e-01,-5.315807791984369368e-01,-1.253580272378070903e+00,8.577540878066642893e-01,4.722196034135622833e-01
-2.607605019862549334e+00,-4.952074275588673191e-01,-2.144806593908699377e-01,1.942854182321658296e-01,4.057051657764014774e-01
-8.491517877251526791e-02,3.767358483523777668e+00,7.599454972053514279e-01,2.278540402886881366e-01,2.986645991714940718e-01
-2.593145374274566706e+00,6.176349162773280277e+00,-1.348538237029722975e+00,-7.968247472066859460e-01,-3.020077107762446089e-01
2.867015003384163041e+00,1.354939039246451316e+00,2.846447132187291729e+00,4.813048369127620463e-01,-5.789560783005968103e-01
-3.483707904895678720e+00,-2.751903435478008753e+00,1.185717894328465638e+00,-6.125912805597856226e-01,2.597694887181825063e-01
-2.169413866849282169e+00,-3.078423019585406983e+00,1.265460971244288801e+00,-4.423134892000392671e-01,1.161476822751379839e-01
9.168708734801040094e+00,-1.245331238170232391e+00,-9.274975303814685379e-01,-5.228038099542406947e-01,-1.141408179107752940e-01
-7.731027479740524289e-01,-3.290826402878529677e+00,-2.246465237467706100e+00,2.524269712947428412e-01,-6.598132461934920201e-01
-4.448724069773083434e-01,-4.841546604485518768e-01,-1.635804043229601046e+00,-6.344494120080247657e-02,-1.240726008035116790e-01
-2.602475264827753598e+00,-5.277562639196229366e-01,-4.682301541716124005e-01,-1.185684690078867010e-01,3.129456559226521939e-02
-1.245952936701589242e-01,3.134768572209047033e+00,9.374467859494388655e-01,1.151285199681394644e+00,1.115527806907629538e+00
-2.555595683426066689e+00,5.825006975344821925e+00,-1.291713910389848730e+00,-4.268090530593554588e-01,-2.953344989738944729e-02
2.884003718493199919e+00,2.275775104771894153e+00,3.119717233740635809e+00,1.202124935871067057e+00,-8.509312129743268338e-01
-3.630648789248816843e+00,-2.816305692726998711e+00,1.090767274479224502e+00,-9.572390838959712323e-01,9.632703334520806293e-02
-2.296951578094318158e+00,-3.091281508139684497e+00,1.287950772455713988e+00,-4.103483634644470857e-01,-1.150481007469991365e-02
9.544238045725276010e+00,-1.025226124212373247e+00,-7.936687213662463325e-01,-6.294271962187426572e-01,4.327059140983161578e-01
-6.374690052207482305e-01,-3.248081243027477250e+00,-2.368193838694798714e+00,2.890553623948267092e-01,-6.976059016550570924e-01
-4.060803487902256981e-01,-5.864326612221182344e-01,-1.453308695056780175e+00,4.705122584881724773e-02,4.078360159586097433e-02
-2.703490973096614347e+00,-3.974492087571141474e-01,-3.836203195113935260e-01,-3.061602276866329242e-01,5.892743225789941891e-02
-3.677894816536121936e-01,2.813017918365420034e+00,9.174487038497042279e-01,1.219317292885202519e+00,1.104012262202815231e+00
-2.595115237088177818e+00,5.404501948867208583e+00,-1.098037529609217300e+00,-9.837642719077102291e-03,4.222819559294722080e-01
2.579526707542050712e+00,2.603407708905025597e+00,2.991037034380787052e+00,1.056335008971588385e+00,-1.487932153878051222e+00
-3.590655956344136701e+00,-2.774366766410205187e+00,1.173510327556399391e+00,-8.496537297978332681e-01,1.087715834740260040e-01
-2.288052341895358222e+00,-3.102400717078698911e+00,1.002869600676556283e+00,-2.687503581541805242e-01,-4.978466146855833191e-02
1.000912663654682255e+01,-7.121969796420415388e-01,-7.817052835912574604e-01,-1.177356931742712165e+00,5.005458815415922968e-01
-6.511988455896368100e-01,-3.185421799071888938e+00,-2.327600401269922070e+00,5.177837413716344095e-01,-5.168479556262765007e-01
-4.263164312123277622e-01,-6.383520863845671967e-01,-1.245483789230702687e+00,5.559172086254707823e-01,4.385046273516938209e-01
-2.537992681196798994e+00,-5.621930491668649665e-01,-2.271231388450136168e-01,2.340547660522281914e-01,4.722820376502315232e-01
-3.175332939925295528e-01,3.775289933761164285e+00,8.627353440860661138e-01,5.432018691568279989e-01,5.403248976679649873e-01
-2.713166955043066153e+00,5.833651489379844790e+00,-1.294715867375600737e+00,-7.842700906115317450e-01,-1.614701642338960963e-01
2.410700474703018070e+00,1.709557473641684755e+00,2.715871651506566842e+00,9.053917170986163221e-01,-1.340786645848197622e+00
-3.477894833048725598e+00,-2.682141590736982550e+00,1.170148953787206736e+00,-5.542663698335535960e-01,2.924992136782462726e-01
-2.318617684465919204e+00,-3.143882551088942545e+00,1.173027683673591781e+00,-4.034481124543533581e-01,-2.636405916624268500e-02
1.003202024984598850e+01,-1.106507820333448855e+00,-8.268604363321916395e-01,-1.014364729405339283e+00,3.018580485264759083e-01
-6.189364492654247929e-01,-3.152585455945283055e+00,-2.379514724483316801e+00,4.894615556293581693e-01,-4.633830515738689426e-01
-4.220412223486306735e-01,-3.775756679522712100e-01,-1.457773395675464823e+00,6.256150450682517183e-01,3.856100934116500900e-01
-2.745910707260083239e+00,-6.006994865851559284e-01,-1.629245558423756124e-01,-1.044836106429331835e-01,2.419649507437753866e-01
-3.123634820515063804e-01,2.872809835450654159e+00,1.153806806362418280e+00,7.310052008398812973e-01,5.838710131552661275e-01
-2.813520659340845942e+00,6.592884877378425657e+00,-1.464108028957007424e+00,-1.207576138704263391e+00,-6.395893322213072052e-01
2.382865450593423251e+00,1.283994274327800333e+00,2.863009494417753764e+00,8.460499684424162004e-01,-1.321644277576998094e+00
-3.499036203636786357e+00,-2.845715320250691072e+00,1.172157104329447641e+00,-6.496271640035131689e-01,2.447720008980805717e-01
-2.230730320492257945e+00,-3.001679313422020101e+00,1.161267862736086398e+00,-2.787877606061555658e-01,7.959473910427644627e-02
1.025967359380211263e+01,-7.714337430014579500e-01,-8.859205628875406191e-01,-4.516570960230424370e-01,8.888038640591254813e-01
-6.006386484997229269e-01,-2.918660122853851124e+00,-2.437360228995643752e+00,4.820675986396183443e-01,-4.075816154183984352e-01
-6.295868401064117492e-01,3.349043146325460935e-02,-1.503386445217700151e+00,5.626120111438274174e-01,3.631312821405662805e-01
-2.891830944537339132e+00,-9.206111685658404653e-01,-1.838704994515553415e-01,-5.152274090281905305e-01,-2.237157852246572654e-01
-9.000598233568188888e-01,1.741450814113141732e+00,1.389761821674614817e+00,1.182123782552336078e+00,4.318230333993585135e-01
-2.924645969370978538e+00,5.553841158074096285e+00,-1.211937040501110951e+00,-8.209686189331708572e-01,-5.870405001037677373e-01
1.479612104225493496e+00,1.663605710025050088e+00,2.728155193915986043e+00,1.154935529993931898e+00,-1.701876723975305650e+00
-3.607900297889238939e+00,-3.103533463864419861e+00,1.223083415051953393e+00,-8.701147288519792689e-01,1.948513541597047399e-02
-2.388003569438179152e+00,-2.722107254918529229e+00,1.009352891646735140e+00,2.295691023533626748e-03,1.313971562099107149e-01
1.246305398897319172e+01,6.725238965271008729e-01,-1.013799108123278669e+00,-1.177723856539907965e+00,1.974378017556322584e+00
-7.714885734605103629e-01,-3.077306161455970024e+00,-2.181958823088283150e+00,3.839064968846095938e-01,-4.752872382756374581e-01
-3.373971501854162169e-01,-2.951557490641044598e-02,-1.511257292781285289e+00,7.438219388205459248e-01,3.546695616269772700e-01
-2.866361117549511839e+00,-1.187084274257611094e+00,-1.400853285202341147e-01,-3.593720639305098552e-01,-2.985029238825296499e-02
-8.944319606788126986e-01,1.992422964503667293e+00,1.020297804668066188e+00,7.541140075955125033e-01,5.770178182802720990e-01
-2.796856697940501402e+00,5.635894425695315846e+00,-1.196479473328461385e+00,-1.519485037852714437e-01,2.348942681065777638e-01
1.502595134474584260e+00,1.681352578536796871e+00,2.659577810080986371e+00,8.154178032098622353e-01,-1.581008633453953260e+00
-3.611191812756511688e+00,-3.047886682185823926e+00,1.224907524797455904e+00,-8.418053725450265201e-01,2.537406897039323414e-02
-2.469423086576935766e+00,-2.617292159226595416e+00,9.397415928833368071e-01,-1.478098225666513166e-01,1.887832294341512951e-01
1.224455526467361111e+01,6.494148832966289975e-01,-8.147438147115824147e-01,-1.196324483683072204e+00,7.054072176994716781e-01
-5.284346796539897140e-01,-3.058371926311685751e+00,-2.566452044504402785e+00,5.364223458115608967e-01,-6.150894468992037512e-01
-4.309990357159224073e-01,-1.585797382107019537e-01,-1.463119035425252790e+00,3.230894883854321109e-01,3.019394311548068699e-01
-2.819080713661235027e+00,-4.355147431723040419e-01,-3.058527663675573716e-01,-5.303446734758265890e-01,-2.030991996494265275e-02
-5.392452685043208627e-01,2.073389225644887812e+00,1.384370304058338386e+00,1.170062807791053316e+00,8.518779334676057635e-01
-2.807584388825174582e+00,6.011001418390639728e+00,-1.098782372498983140e+00,-6.256131847366588339e-01,-1.223826515149141342e-01
1.621783032236863153e+00,1.502187146907272508e+00,2.623107825775132351e+00,7.901202628329553335e-01,-1.139201639045158920e+00
-3.569964035811235448e+00,-2.805712751316383535e+00,1.145469219856459109e+00,-8.463335739686592696e-01,9.644022431765565673e-02
-2.236015763151251168e+00,-2.818401744160740297e+00,1.194402494904555079e+00,-6.696898939508318105e-02,1.940390145187726179e-01
1.130954085308626667e+01,-3.099968877709849413e-01,-9.131436257982867843e-01,-7.504344832447745750e-01,4.526870539653786163e-01
-7.640198875320267646e-01,-3.346554436270229971e+00,-2.265156149525557883e+00,4.804262864417097600e-01,-6.229340423522341519e-01
-5.245884960912080563e-01,-6.874247246334423966e-01,-1.367114487188850092e+00,7.387231762679078440e-01,2.279510440644413882e-01
-2.684582467640384440e+00,-3.369104626456026486e-01,-4.152981045562108564e-01,-1.424190677739112509e-01,1.710283759639536494e-01
-8.760858991352661607e-02,3.580454262280320155e+00,8.770901450728672000e-01,8.147665152599644633e-01,6.859931904920486545e-01
-2.955979272818560322e+00,6.815921206488352091e+00,-1.593494413617235539e+00,-1.153270707171534681e+00,-4.956970597255632716e-01
2.763352144670576216e+00,1.359117558755062349e+00,2.790144779136922715e+00,7.085205342837982423e-01,-6.991571291529117271e-01
-3.557468337048366624e+00,-2.903292744669728975e+00,1.277806246001754298e+00,-6.640111545955899031e-01,2.463896984458101569e-01
-2.161238704289504931e+00,-3.166630921204772964e+00,1.324657926657267337e+00,-3.299568871772647349e-01,-8.344998978940519965e-03
9.972133610663000525e+00,-1.314679738099955308e+00,-6.286359419809575133e-01,-4.527786955350817655e-01,4.947709212433962778e-01
-8.571066598965089156e-01,-3.467596653690875996e+00,-2.111159298729825551e+00,4.662975528334654673e-01,-5.690838940915631250e-01
-6.594300651350470943e-01,-9.677250768754728227e-01,-1.377076593494016343e+00,7.147596790003614142e-01,2.840767059917214676e-01
-2.590829558650286746e+00,-7.184891457515524271e-01,-2.572330377101832988e-01,5.513072186941657404e-02,2.008418318953470172e-01
-1.725156789610351182e-01,3.947633671432392077e+00,5.173954771282974763e-01,3.414095271754592487e-01,4.212180508320251815e-01
-2.651121052153128765e+00,6.953730555616983722e+00,-1.770663518492279209e+00,-8.809165607369267015e-01,-3.600092135016100814e-01
3.214795552783223709e+00,2.007656023372017096e+00,3.291816132385625870e+00,7.787012827229186085e-01,-6.816960876650780543e-01
-3.511418761026585678e+00,-2.960309877488156882e+00,1.277508945787453332e+00,-6.054535527002165018e-01,2.270158110203250035e-01
-2.345256781945403102e+00,-3.301015758108412967e+00,1.251462681033091995e+00,-4.466906629545583374e-01,5.980064241785408748e-03
9.572883004984770849e+00,-1.493883738506920800e+00,-8.220507879081643265e-01,-4.232379872099201745e-01,4.716567312770467701e-01
-6.283978910395412454e-01,-3.453486403388267512e+00,-2.326803111518706668e+00,5.084723650507821935e-01,-6.209688123420005201e-01
-7.866799348202181408e-01,-9.003479599650890952e-01,-1.346701024483260234e+00,5.577141765403054174e-01,3.059396270093360792e-01
-2.647242017867051267e+00,-4.688985531383587091e-01,-2.326503409600275685e-01,-8.439840431081008232e-02,1.822786648281183586e-01
-3.395280934875588574e-01,3.265050357928426461e+00,6.347812503584080446e-01,5.994323632304947580e-01,5.702545995395214007e-01
-2.754074237975872919e+00,6.346132218287937832e+00,-1.511511702867053275e+00,-7.958335318082605525e-01,-1.307155849635834310e-01
3.184274660715256555e+00,2.473606138175431735e+00,3.119653495153746903e+00,8.289670786158455096e-01,-9.836964622833521688e-01
-3.536960874653658493e+00,-2.825423222285664782e+00,1.265509930571047992e+00,-6.196277943089985030e-01,2.299112746240971616e-01
-2.439080154462402117e+00,-3.282410184768236316e+00,1.136112435049018599e+00,-4.019697825920053313e-01,4.015469295663831768e-03
9.947688543591047150e+00,-1.154222390846181501e+00,-7.383909313031755683e-01,-5.927564704173531318e-01,4.429812242921985499e-01
-6.700068853452905149e-01,-3.352202109437208755e+00,-2.332933454047580568e+00,4.326784302819736139e-01,-5.840724406662244350e-01
-5.449805924602213469e-01,-6.876868264991456980e-01,-1.312600919775057218e+00,8.294006923969999834e-01,4.327550608592155013e-01
-2.640553083205161577e+00,-4.420905027694934097e-01,-3.902138814859866245e-01,-2.081420849394709782e-01,1.104746439595681723e-01
-3.159050493136836835e-01,3.302513451211177564e+00,1.073165030102728457e+00,5.418343271690351237e-01,6.117865706558662797e-01
-2.737951638874335458e+00,6.683535027414984064e+00,-1.448910671692743790e+00,-1.137578578359693449e+00,-5.011749681250301514e-01
2.378910442925108004e+00,1.501877370742396467e+00,2.710380053271155276e+00,7.892609038287679013e-01,-1.133879613897465832e+00
-3.454839943015675985e+00,-2.887125666943137769e+00,1.179493572223109910e+00,-5.941482663543256049e-01,2.179147178482081226e-01
-2.354762837796776864e+00,-3.141779900110445389e+00,1.192754708955373832e+00,-3.983869303850465782e-01,3.061555938973948079e-02
1.034008958708603387e+01,-9.770408436091280180e-01,-6.711344375509987747e-01,-2.549184936382418165e-01,8.155804699761225462e-01
-6.184842948921595029e-01,-2.994627571931877341e+00,-2.487350980912390597e+00,4.645445551583962662e-01,-4.438500188421260484e-01
-4.140257723869889550e-01,3.261471013146697434e-02,-1.490488264737085400e+00,4.721153317137539163e-01,4.509764697450360238e-01
-2.807840180111954798e+00,-7.051605073557969394e-01,-2.893582990801298882e-01,-4.644949010304055270e-01,-1.328748718051873112e-01
-6.306282232759385931e-01,2.128216297595270312e+00,1.460020957430594457e+00,1.041086095949651735e+00,4.332800627897009371e-01
-2.839741221578857555e+00,5.062914320058588658e+00,-1.020790973499358767e+00,-7.870718138916695805e-01,-5.813719547823834599e-01
1.676542624792354719e+00,1.798341716401878232e+00,2.591847185633607609e+00,8.533855944677177785e-01,-1.811569050861693730e+00
-3.571377535365870326e+00,-2.925985364821715340e+00,1.150827699380897018e+00,-8.871709764213082661e-01,4.975216399554480834e-02
-2.361558599847604523e+00,-2.681289048888719329e+00,1.135325623442174248e+00,-3.316632492712111475e-03,2.179730030980739919e-01
1.156711320266702181e+01,2.849754488109093598e-01,-1.050032947658308791e+00,-6.890772534534248539e-01,1.817684196663035046e+00
-6.337647114395371650e-01,-2.871768246911891698e+00,-2.531708036183268451e+00,6.245810051133869889e-01,-4.732179838457529764e-01
-7.046178142537475875e-01,2.143175720843941146e-01,-1.518992876957636184e+00,8.422613191884797956e-01,5.648928264869483851e-01
-2.973401442363281966e+00,-1.044987514071870960e+00,7.363474568139054266e-02,-4.354447491251910995e-01,-1.164418129873836111e-01
-9.849112773139122590e-01,1.534842508334929745e+00,1.289664375196368340e+00,9.581406914135710551e-01,1.332519930245338602e-01
-2.942585838650684238e+00,4.564600814655424443e+00,-6.793437647947179192e-01,-4.260782966243609748e-01,-3.316888318063495045e-01
1.364139256719484328e+00,1.890261795630376440e+00,2.709439630593875492e+00,8.367612927313612392e-01,-1.875566579304145387e+00
-3.647524388310678045e+00,-3.100727528829717805e+00,1.185369677507134956e+00,-8.965620453660180234e-01,-3.845999614815671236e-02
-2.394925000607405430e+00,-2.290258886768063107e+00,9.796013444095557077e-01,1.576949401681580210e-01,3.599898538390421954e-01
1.291759121621975837e+01,1.103719485876418771e+00,-1.507665095452703108e+00,-1.661354157499388196e+00,1.777240530741262869e+00
