1.417827569112090771e+02,-1.947231670468506337e+01,-1.958122776711563162e+01,-1.140968626830671573e+00,4.402899546581966472e-01,-6.187643693211970497e-01,1.085330356727922663e-01,1.171044908347326441e+00,-3.027579456959689219e-01,-3.292851477363846202e-01,-9.926151548234063426e-02,2.375018766579371499e-01,7.789755492189076591e-04,2.601756547451938850e-02,8.397770015679671962e-01,-1.112625366208794597e+00,-5.765861819066497862e-01,-4.943221091151406288e-02,2.986081454215905318e-01,-7.382935807945049111e-01
1.750230031719567592e+02,-1.366016921451772959e+01,-1.471542708312044567e+01,7.601338074844184334e+00,-4.960443801541010167e+00,-2.095173626993973581e-02,9.920196224842445787e-01,-8.180163986959970712e-02,4.562215913070333251e-02,7.305127807673327256e-01,1.168941472720781860e+00,-9.745843547675725471e-02,8.208329387768606988e-01,1.753896999077059204e-01,-5.247110989154906147e-01,-4.152505122306474616e-01,-4.080832199183259679e-02,7.980257342509973206e-01,-1.212169488120963257e+00,1.142480081628439170e-01
1.303209064000915873e+02,-2.655580024981979292e+01,-2.395892446439435375e+01,-8.587084393616646327e-01,-1.942462550103427055e-01,-8.157930255216638837e-02,2.523369051840583799e-01,1.184337489109180908e+00,4.723860718223400479e-01,-3.463908990198342752e-01,-7.953671439128511267e-01,8.391146995039380219e-01,1.095457338831751226e-02,-4.644780756229094365e-03,-4.030454490625817732e-02,1.672028446264173518e-01,4.196211124900778855e-01,-3.969283124855160771e-02,1.508739124005762822e+00,-2.033112011884081749e-01
5.091176836741246881e+00,6.646388620897698729e+01,-8.418265189368666412e+00,6.276591911677472657e-01,7.170028236096283036e-01,1.203869475923767141e+00,-4.042089128975127066e-01,1.277143181186157994e+00,-1.732225819527352662e-01,-2.951456673027561095e+00,2.206960695648383375e+00,-2.077428506602553959e+00,1.216315615330159527e+00,-1.139426146187406008e+00,-2.944062562995319876e-01,1.073203811497375870e+00,6.725151489904901414e-01,-2.981025374730476574e-01,2.220736427106603905e+00,4.477850837745438461e-01
1.184840939795581818e+02,-2.398488644587599694e+01,-2.248680749656960032e+01,-1.131684696732587314e+00,-3.994138328115065528e-01,-6.901855703802165509e-01,6.266663211311769288e-01,1.873477143147450619e-03,-1.482601564810633210e+00,3.034249708054781447e-01,-1.156735456682935759e-01,2.150100436837142359e-01,1.964592340083755051e-01,4.521237122958729482e-01,-3.431433341816704230e-01,-3.356158106129123464e-01,2.340306234894188875e-01,-8.004406862404500611e-02,-3.373436033419673352e-01,1.097321198195513048e-01
1.147245111041236783e+02,-8.761418961299341390e+00,-1.896129919267388431e+01,-1.701898781948776307e+00,3.044464228148532348e-01,-5.693899795284461662e-01,-1.305951989801974022e+00,2.035754764775702164e+00,1.147816025588599853e+00,1.620829507876975495e-01,5.755890663658745909e-01,7.580905371053903163e-01,-1.064584674248019169e-01,1.590857055787238128e-01,-5.628594285872171588e-01,5.391239275469729142e-01,7.312404115727304532e-01,-6.068984538556915220e-02,5.434002764946815889e-01,-3.956087542546412594e-01
8.223768990681096014e+00,6.928751956304328985e+01,-9.077713098890678012e+00,5.449863043761884462e-01,3.958917232220356741e+00,1.786855547792652432e+00,1.986233334318321386e+00,-1.941874242207747514e+00,-9.037606680488932676e-02,1.808446843239120971e-01,2.137469731204697077e+00,-6.329571398210318556e-01,2.141952316324215566e+00,2.055056953138042708e+00,1.193053658536231021e+00,-4.654062574714327161e-01,-1.158495630755830508e+00,9.282788251967726278e-01,1.356503598322790438e+00,-1.187204720680675507e+00
9.614677712768460083e+01,5.308990784901804716e+01,2.724485394881397227e+01,-4.635356115887366180e+00,-4.118830555475511801e+00,-4.815784614157359478e+00,1.175301704390335988e+00,1.644559867189615776e+00,5.200549281622092179e-01,-2.114601276056903068e+00,2.848861947588473775e+00,-1.952745275191151819e+00,-2.421545225779149657e+00,-6.754194516051816866e-01,-1.073637624897200604e+00,1.903982081448663655e+00,3.222553837269796495e-01,1.693633806095479200e+00,7.494152675857628232e-01,1.614668546496323520e+00
7.601228676616575974e+00,6.485502298407439525e+01,-4.614989230669164222e+00,-2.237455112600476581e-01,-1.752034853179156970e+00,7.292264789472837627e-01,1.222606337656946263e+00,1.903273046511321898e+00,-6.781811609912224981e-02,6.978565811235708516e-01,-1.998826757070431892e+00,1.001536876090227901e+00,6.334027521094684476e-02,-1.870553269960606668e+00,1.545860500903601720e+00,-7.403084496521583624e-01,-1.313677011991515320e+00,1.738595625316414761e+00,3.593801684174985356e-02,3.762993107487681566e-01
1.561132550421148437e+02,-7.087688963101831385e-01,7.698238366469956073e-01,6.315085950807294957e+00,-2.386222104368175501e+00,1.476844915803717795e+00,-1.961696114122312984e-01,-9.625319187384373532e-01,5.635113253977337422e-01,1.849450727981494513e-01,7.803661556373362451e-01,-4.228497158477864670e-01,2.790465359355165376e-02,-3.658351692071371009e-01,2.745845839222363916e-01,-8.087058280867184812e-02,2.221133335517488927e-01,-2.609862279570885901e-01,1.665130986337020058e-01,-5.458376166278594566e-02
1.154719744318479684e+02,1.658308933327553802e+01,1.226691501602321743e+01,1.569343108421485944e+00,1.280884227953808185e+00,2.441348681409936106e-01,9.223887589381843943e-01,2.462728540050626025e-01,-4.452732515137335090e-02,-1.521688298788418936e-01,-1.830130744557762590e+00,-9.201186692786131882e-01,8.651069621234855900e-01,3.160162190849095665e-01,1.163671431284238889e+00,1.022803561604963773e+00,6.380874048797189335e-01,4.431332691428830906e-01,-3.619884627167264668e-01,-5.866509586272696808e-01
-2.425574762173780030e+01,9.536574258981180208e+01,-4.825387445369704764e+00,1.736133172180476913e+00,1.670276247089834021e+00,-3.380105870379302324e+00,-1.875897175133970141e+00,1.681441173312985926e+00,3.495560361541787397e-01,1.550572436397239517e+00,5.462184343799347808e-02,-7.854026006193610687e-01,1.421751927600450660e+00,-3.412627765154895298e-01,6.971459076608950145e-01,-1.463764869899850662e-01,-6.862022486616935479e-01,-1.794137879005517799e+00,5.335487512121792758e-02,7.059409058873616916e-01
1.259278734492875458e+02,-1.673748611117306595e+01,-1.683046388413795569e+01,-1.963139876972231024e+00,3.555927973147770538e-01,-3.215809282009871595e-01,-3.543356326066515738e-01,-6.974078919303492441e-01,-1.108138812367299719e+00,3.134546493096006525e-01,-4.754206819535755635e-01,4.712134187653355677e-01,1.321807913508559196e-01,2.834324513544133062e-01,-4.496218613402894748e-01,-1.465644994539526014e+00,-9.835155364149975599e-01,3.027479005223282504e-01,7.554909350720886430e-01,-4.688191969390410052e-01
1.150295587976252847e+02,-2.102885430628035124e+01,-2.028735527602393063e+01,-1.436332602360933519e+00,5.798033018575885489e-01,-1.828288041061953972e-01,-2.957705070706556083e-01,-2.729611020526395704e-01,-5.598839014223723209e-01,-1.915549687631531439e-01,7.780688107405842047e-01,-2.318989338763717267e-01,-1.337734877989305016e-01,-4.401469801649564584e-01,-5.934732882938786869e-01,4.781791380203570530e-02,-1.632893231801267331e-01,1.702561092476786997e-01,-3.114506946440529500e-01,1.658475850328211543e-01
1.509048112967743691e+02,-2.309176927856811190e+01,-2.222912238636185478e+01,-2.534706708252378871e+00,9.272517867500240651e-02,-2.079018676414308153e+00,1.669759803422143363e-01,9.667312048121612378e-02,1.289091675720182462e+00,5.694275781020072813e-01,2.272811700836809834e-01,-5.378622725282415917e-01,-2.135572364900580888e-01,-1.139785735985876514e+00,-5.304564696092139986e-02,-1.305684354807723269e+00,-1.735201816456777291e-01,-4.252561415477129625e-01,-3.933113769055307518e-02,1.707498775247529577e-01
1.348765448675572429e+02,-2.108385495400606757e+01,-2.085933479407886182e+01,-1.567139116584713054e+00,-5.235459079798993054e-01,-5.614554025817031224e-01,2.950204968501465297e-01,-3.139637679258789893e-01,-1.609443485274631769e+00,7.603527453314627982e-01,-1.453211505481497579e+00,-1.495104144954779168e-01,8.274562845750783602e-01,1.867712231871628825e+00,4.420508420216758272e-01,-7.942598881228579710e-01,-4.618303220244366347e-01,-2.906693990529287119e-01,2.247848663972941141e-01,-4.863942411441113389e-01
2.346269126067408806e+01,7.983388244327058203e+01,-1.214424912643515775e+01,-2.707707612647364037e+00,-3.137615427447407068e+00,6.185477664146311838e+00,-5.701494713702363271e+00,-9.059625615822987088e-01,-3.091706920966355909e+00,-8.985198382253478666e-01,-1.709618349525651393e+00,-1.296946588946182199e+00,-5.245136411663684495e-01,-1.187150193679146870e+00,-2.971935652359021685e+00,1.210178575982248317e+00,-5.005542487328253909e-01,1.231330469641302772e+00,-8.515089692024264967e-02,8.102113753949814479e-01
1.884314352681871014e+02,2.378543872205010246e+01,3.477364774481060294e+01,-2.490075311083550957e+00,5.258678897221324533e+00,-1.653025229920052630e-01,-1.601389267491514223e-01,1.213044717068753053e-01,-3.069667450896427785e-01,7.293307296091540159e-01,-1.501484718370109883e+00,6.601781648624457377e-01,1.231354235281507670e+00,1.249953628422584284e-02,-6.182828525239500994e-01,9.401390247004017819e-01,-2.344271669173878525e-01,4.354186303146479475e-01,4.273135267001149096e-02,-3.175598096230685119e-01
1.345485210671341463e+02,-1.624766043786329917e+01,-1.820684672403194782e+01,-2.064975318604673316e+00,-3.669926195115865153e-01,-6.545223338955484804e-01,6.103107055123592195e-01,-5.686949293282795859e-01,-1.362045538654429455e+00,3.213320628996693684e-02,-4.450628891104695395e-01,1.302913337907019908e+00,-1.528089667283543118e-01,-2.097476863143448167e-01,-1.235549565770749370e-02,-3.806533186516188882e-01,2.624810214541430931e-01,-3.895459550938951132e-03,7.008736889611089094e-01,5.431523957088327248e-02
1.560414298782283709e+02,-1.065793227536934729e-01,2.855977538340686905e+00,5.816213559209439943e+00,-1.543967434603775946e+00,1.661053055295701464e+00,1.727788736867605368e-01,1.611465444684809567e+00,5.764091487215239340e-02,1.248936192442823834e-01,-6.496579958548642786e-01,1.354266426250516631e-01,5.392242735331737036e-01,-1.228399383415874624e-01,6.515431688854892434e-01,6.979204758384873752e-01,7.905970467551259873e-01,1.166827896992927993e-01,1.466118816181216644e-02,1.197041656427749734e-02
1.158808210734967616e+02,1.357417580548772662e+01,1.081686216810417278e+01,2.598409324859551006e+00,1.733727739340585661e+00,1.529280447116945663e+00,-4.958752744117902456e-01,-1.219058603227699766e+00,6.399362778271210361e-01,-6.920610197330558933e-01,7.226926031552998175e-01,-4.841271033931104917e-01,-1.195832570684724372e+00,-5.051338206878586146e-03,-3.828626071457641999e-01,2.796574298137271541e-01,-1.705480359429940307e-01,-3.517523856726370024e-01,-3.186976959900751361e-01,4.514511523917730251e-01
-4.447746349710504532e+00,8.704112499784187662e+01,-1.649898098448496220e-01,-2.186171019474556498e+00,6.574339068466872327e-01,2.118621401576147090e+00,2.908510029806545827e+00,6.945112753088045210e-01,-2.784957626895531724e-02,1.275210358999257831e+00,2.192347822861919759e+00,1.062096593317873428e+00,-7.484512405183157968e-02,-9.316078596723973426e-01,-7.579718465953250162e-01,-1.792667557755807994e+00,9.507882734637027600e-01,-1.037192727622980204e+00,-3.467736912015653011e-02,2.378631463893106979e+00
1.312356362532173115e+01,8.301345403200609496e+01,-9.686613010120082023e+00,-2.089671368323902989e+00,-1.848889057479947473e+00,-1.357752200560696787e+00,3.341656535597643973e+00,-1.939794232309762223e-01,6.352777051922203988e+00,1.007750313205403314e+00,-1.391383867380312056e+00,1.435563622258684724e+00,-3.034554654758177428e+00,4.370693515444238897e-01,-1.813661063968406983e+00,1.645578343876815897e+00,-3.378415248053227682e+00,-6.251140309323970079e-02,1.163616975837611589e+00,-9.057576004130671321e-02
1.068208663879717335e+02,5.155986685580484163e+01,2.684344336966031364e+01,-6.362362276815203721e+00,-5.826347787320372618e+00,-2.121162678155984693e+00,1.937687296379166701e+00,6.444375858422795034e-01,-2.349643245108822498e+00,-1.611737430340449029e+00,9.348489265764974299e-01,-1.026574125168451035e+00,2.650951134167541134e+00,4.394589158274040397e-01,3.048381738440728572e-01,2.946763251370060344e-01,-2.733922433622070880e+00,-7.133385531320225459e-01,2.805655287987437463e-01,1.457027502208591008e+00
2.539457845277133075e+01,7.666911332528590606e+01,-8.616179041868148758e+00,-4.426907914425203039e+00,-2.479090979106578718e+00,5.606876321033674948e+00,-4.979892637164274660e+00,-2.007857983964734139e+00,-4.162935443235435073e+00,8.904264020993849504e-01,2.466419932814192806e-01,3.422515774735380489e+00,4.915899175025755241e-01,-7.240214792023443868e-01,-1.960395573866946961e+00,2.593133131643367228e+00,-1.269542041440035574e+00,8.632504890873302639e-01,3.518683436932806829e-01,-1.266884519550442456e-01
9.118348527996698039e+00,8.191055383152688307e+01,-6.601351279115189818e+00,-2.670313805186650846e+00,-2.792358133643066065e+00,-1.613424509557689124e+00,-1.013500805000243643e+00,-5.796476293735023155e+00,3.569840404804157874e+00,-6.766172687915148476e-01,-2.863092087199096802e+00,-1.467418574016321697e+00,2.481053007404375954e+00,1.391182768610939702e+00,-9.152318336807988564e-01,-2.054370209464026154e+00,4.131707039353429423e-01,9.728649618018780920e-01,5.937868427128693838e-02,1.644784800896069044e+00
1.236889843427182285e+02,-1.675560464835314889e+01,-2.090466623146905434e+01,-1.752336420579736709e+00,3.975302520883546853e-01,-8.491172640404209826e-01,1.645631286325383025e-02,1.797095523146341467e-02,-5.982919983738312908e-01,-1.306183298907572787e+00,6.308682573860191489e-02,-6.778404616897620860e-01,-3.506477759466795074e-01,-2.952753956785979517e-01,1.199735475496553683e+00,1.229002287788629300e+00,-8.800973268647785397e-02,3.888377078060628600e-01,4.903661613255198004e-01,6.658913994001592895e-01
3.036299079084900931e+00,8.511561255493805334e+01,-6.879911017762219139e+00,1.372309746230790495e+00,2.388721177687444186e+00,1.127772138957394255e+00,2.498342314317589796e+00,1.426255801711602267e-01,-2.158476899092273360e+00,3.005442120803907713e+00,-2.549970244227908189e-01,-2.609234210270001242e+00,1.252322292728500042e+00,-1.165580910631981659e+00,-2.077859702748662496e+00,-6.283684424592131945e-01,2.067277381296367178e+00,-5.859871644808805069e-01,2.613354832451942222e+00,2.006356329422689933e-01
1.379021992560547574e+02,-2.016746374663220820e+01,-1.999443153795999706e+01,-1.741150477084215886e+00,-1.084559404446091113e+00,-1.079939602734590220e+00,-2.715936731532669901e-01,-4.031203792892248394e-01,-2.113436744487890984e-01,-1.803528253189463082e-01,-1.077538443869636708e-01,4.515600378239736923e-02,-8.204823762180200042e-01,1.410090116386686354e-01,4.812423378625346748e-01,-6.256566363131222941e-01,6.270408652733598931e-01,-6.316168788505500675e-01,-1.071164680000344926e-01,-1.773550080218024849e-01
-1.099661130796549458e+01,8.117613822624309705e+01,-7.058265113313319183e+00,-8.782331648483761022e-01,-2.537228135210196633e+00,-2.268621015798980789e+00,1.236790847095621260e+00,-2.494478211401602419e+00,1.466559506442758565e+00,1.623937562247180999e+00,-8.195313374302647391e-01,7.608495148921172735e-01,9.280952581104509047e-01,-1.257683110189187881e+00,5.055079180127853844e-01,1.609022916741018605e+00,7.613340039681106841e-01,-9.559549725846341328e-01,1.973874984909357033e-01,8.084402467487344923e-03
4.448000063509395119e+01,4.057219563645640648e+01,-3.349418740524320981e+00,-2.706726250963371605e+00,-6.572952013962363171e-01,2.079349446996582973e+00,9.017012222543473177e-02,-3.835020691528793213e-01,9.438233083089040409e-01,1.743908986456573995e+00,3.339562310608455764e+00,3.415367258844045573e+00,2.685036215406168547e-01,8.632180801946592874e-01,5.771879062300929730e-01,4.867073001459555348e-01,8.794858133298961711e-01,9.495305077578897190e-01,-5.137981849898975995e-01,1.960823805437553746e-01
1.940522329451369501e+02,1.863032435617549254e+01,2.755321926703888380e+01,-8.362895637668756876e-01,3.102053258846176220e+00,-3.337866059958859433e-01,-3.683656415926540584e-01,6.073955181320278562e-02,6.271125873003935425e-01,4.136774339758870767e-01,-1.078426343265825871e-01,7.950205203871372195e-01,8.339972438166309843e-03,-5.207296278016568802e-01,1.783199159616981055e-01,7.057409915720509463e-01,-2.766066488551968128e-01,3.205569542324923082e-01,3.292814906848828826e-02,2.783757727832394391e-01
3.786561756950888480e+00,6.740062638975473419e+01,-1.760713776817472542e+00,1.509681792253588561e+00,1.486151918588700660e+00,6.545390150639462945e-01,2.070174154210543183e+00,5.279567529436460238e-02,-4.748880267500831254e-01,2.499946690275634431e+00,-5.613604251587800409e-01,-2.086094783164048838e+00,-1.975473705260772928e+00,7.866366664994745017e-02,1.455617631997380146e-01,-1.673703437369441216e-01,8.126710454721640664e-01,-7.898350819643709109e-01,3.396500890425449004e-01,1.630105749257121650e-01
7.148410032033114092e+00,7.351415166069256202e+01,-5.436176729822424392e+00,-3.498596427863839287e-01,-1.992529577575551381e-01,3.799336932908345954e-01,4.466845332119532941e+00,2.174526550886762610e+00,-1.865937889300196773e+00,4.798312917646746500e-02,-1.134276544092723826e+00,5.578228999751666528e-01,7.427051694919196978e-02,-2.362778050358462334e+00,1.559474221731309285e-01,-8.892210070198517391e-01,4.441346346722976901e-01,-1.213460611766666641e+00,-4.706680895937251363e-01,8.686100408379412441e-01
1.463483681372274532e+02,3.262056691287575916e+00,1.020402965302310250e+01,4.694256578187196105e+00,2.178289887420350457e-01,5.241540912626787563e-01,-3.951521143457920049e-02,1.433717243054426271e+00,-1.592778785698328869e-01,-9.374565622082497995e-01,-1.589666236082516892e+00,-5.412475879767365550e-01,3.986179219740848545e-01,2.480733911096304478e-01,4.146407934396121320e-01,1.237185309914523357e+00,4.901863876437776435e-01,1.148190715637831816e-01,5.810073696423977418e-01,5.120010436176153368e-02
8.784280541897514283e+00,6.880188299908651572e+01,-9.525447224366608623e+00,-1.090287092945509739e+00,2.666619748373761367e-01,1.599749193100143074e+00,-2.828415868320665050e-01,-1.807016275696950558e+00,7.137102592392476907e-01,-3.095324774716636362e+00,-7.243925135874672572e-01,-1.278538246929007194e+00,-1.463767954412523720e-01,2.497071557512100526e+00,1.444723803164922327e+00,1.067516537310181812e+00,2.644772351597151072e+00,-5.542780679285921330e-01,-3.253914597015054033e-01,-1.220380157157916035e+00
1.207060540139305402e+02,1.258276125973906723e+01,5.527485369404760540e+00,4.437073325736170304e+00,-3.106500775447662011e-01,7.956687951115621882e-01,-2.196750848995551175e-01,-3.193881759027530798e+00,1.641568114482788943e+00,-1.501289873439616840e-01,1.133258034424012850e+00,1.335407571619558365e+00,-1.571943205302234858e+00,8.093283045602541748e-01,-1.506479060153450344e+00,-3.298485264984553633e-01,-1.604470222190743367e-01,-6.680282419871430566e-01,-2.601658561481952070e-01,1.829245268793096013e-01
1.183357871836554267e+02,-1.535696143308762096e+01,-1.861837329984081180e+01,-2.868163270002864529e+00,1.287746233188977962e+00,-1.015296572092210692e+00,-7.671884895399588844e-01,2.830341392989216276e-01,-3.883025170261357739e-01,3.051744152844704794e-01,-9.923790897649533704e-01,-7.420762751862004514e-01,-6.833502840645233611e-02,2.953412211688801192e-01,-7.328368590252465342e-01,8.324331299903478532e-02,1.107421918891044743e-01,-8.046549135969086053e-02,-1.363578653210999470e+00,8.254225121393360398e-01
1.680930047837583743e+02,1.915447765142197056e+01,2.853770916498028498e+01,-1.399358594550563328e+00,2.508628677058318601e+00,-3.042814420260273600e-01,-6.438206334587507351e-01,-2.858082158634122072e-01,-1.885631244737688839e-01,4.947811698018352855e-01,-3.249041183078344996e-01,2.776360404813505989e-01,7.907244721002348875e-02,-1.975717570352164554e-01,-3.235191885210307872e-01,-2.180622255012243382e-01,-4.923716456536907926e-01,2.559360334841331852e-02,-4.556817516271519652e-01,-7.274954042931502940e-02
1.118580689579534351e+02,-1.028768665581039521e+01,-2.026826697426890078e+01,-8.618814249509632042e-01,4.234565848563093815e-01,-1.013084524690245125e+00,-1.548036248892531719e-01,9.034187427992423913e-01,6.689153597624520886e-01,-1.053600395838447112e-02,-1.032372291341443482e-01,-7.698164369722346745e-01,-7.390156464599740849e-01,7.458633786301482882e-02,-8.268909162160535953e-01,5.392155191410240578e-01,-1.822779850629566156e-02,-2.389231968151068752e-01,1.619443836767215483e+00,6.332541582413500070e-01
1.459356599331730742e+01,7.095181153043937172e+01,-7.827348850692670723e+00,-1.681471338093448287e+00,-1.473587637123280780e+00,-1.508513151642877803e+00,2.584995059381196558e+00,-3.720656047195876504e+00,4.579521986816373902e-01,-1.088982766031844740e+00,-4.654181579216554177e-02,-9.221736672357048192e-01,8.064198304192050637e-01,-1.520674729979661022e+00,1.665674907464467669e+00,1.775496331473175537e+00,6.411954227222744773e-01,1.640499960634993482e+00,-1.028162926452775405e+00,-1.599577598567956782e+00
1.087837287431294264e+01,8.705558777244263524e+01,-8.177720381127535632e+00,-3.683365186700084948e-01,-3.498932999296008317e-01,-1.061781971792343793e+00,-1.081764135347064837e+00,-8.283904417483436422e-01,-1.123197181799891586e+00,-1.556989580805981266e+00,-1.377471878271103289e+00,1.600743938712750669e+00,-4.946229283978537117e-01,1.273371702668824934e+00,3.261978910338358073e+00,1.269646338575062483e+00,-2.593899464408047528e+00,-2.121012381361735422e+00,-2.125157749590201206e+00,1.816526745654355179e-01
1.237484620839261993e+02,1.467174268785566937e+01,1.947034454399099701e+01,-1.160874306657464772e-01,7.283343596041461643e-01,-2.238724715956394995e-01,-6.216391824722524717e-01,-1.906366129115766306e-01,7.089366270961503513e-01,-2.822085905825242325e-01,7.378605331924291688e-01,-5.518763799167143436e-01,-5.612048064820713833e-01,-6.369628126315942662e-01,6.475355765751261705e-02,1.824538749690969297e-01,3.665974016999495877e-01,-4.838949451732894591e-01,4.091313038872765317e-01,1.507019966209101614e-01
1.000972131749081626e+02,1.204521645936634577e+01,-1.753432978675567577e+00,6.677762048406045814e+00,-3.004644740839923500e+00,5.603109165118881352e-01,2.028979305922736120e+00,2.764420248755292242e+00,-4.803469340377536922e-01,-1.042699715458429655e+00,-1.039056956194736703e+00,1.710208531073639460e+00,1.689364291122146700e+00,1.150996536077237176e+00,-6.821124637037458971e-01,5.693987308066419395e-01,-1.177735779262395255e+00,2.222444805382168265e-01,5.574548220288090272e-01,3.265915615702253971e-01
1.058192870117933353e+02,-1.411819345599151099e+01,-1.891157028122064432e+01,-4.948976245020233478e-01,-5.737284920789897935e-02,-6.321600411195549274e-02,2.173512112101910754e-02,-2.323654889060257633e-01,9.466708434050409293e-01,5.952114538557451429e-01,1.696089016304539232e+00,1.045418721569587595e+00,-5.388193160997089004e-01,-1.785564557152222731e-01,-6.409737035532716565e-01,-1.163004114332497896e-01,3.803263614333958764e-01,1.550364328858913621e-02,-1.847157543146976666e-01,-3.360367449184092914e-01
1.888894436286162488e+02,1.995306964457197907e+01,2.990418974483154102e+01,-4.946019661626676056e-01,1.512468102394356251e+00,-1.544615403141027077e+00,-8.728950207561955166e-01,-5.714026423142120059e-01,4.445103761283941690e-02,4.744379533980900843e-01,-1.242333584414621050e-01,7.051238302156441762e-01,-3.283593442061361056e-01,-3.165496087507002620e-01,-1.223783937982065306e-01,-1.155703038984477571e+00,5.314229764352350616e-01,-4.456385809124980835e-01,2.010731462265225034e-01,-3.684300399274300641e-01
1.279427954414597082e+02,1.818252104386538193e+01,1.431207750172808701e+01,2.656422492591398843e+00,1.801360657764477846e+00,1.258196515503681834e+00,-1.253954556142822696e+00,-6.176840078109392396e-01,1.207789439616308996e-01,-1.195618072568510826e+00,-9.463090665007336533e-01,-1.483051422301889133e+00,-1.411701536920840550e+00,7.206448741803066493e-01,-3.248792370553394981e-01,9.884707541128254782e-01,3.754917842226817015e-01,-3.760465707045675954e-01,5.365916797014125272e-02,1.014657634248216755e+00
1.097251975125657566e+02,-5.989980694317306842e+00,-1.768320345263593296e+01,-2.981743615335768816e+00,2.509996556504412446e+00,-2.807827863279901415e-01,2.896152706982357827e-01,1.541661975177980315e+00,1.135635700934205961e+00,-5.504672882431107528e-01,-1.289149373173712476e-01,-1.826627353069163462e+00,-1.108629675984715846e-01,5.307185728644381317e-01,-6.070747182855381618e-01,2.410031190951999192e-01,-3.264960550292753116e-01,9.929643774313007265e-01,-1.749410242843888463e-01,-4.477295734097681557e-01
2.095796717166052048e+01,6.611138384355869846e+01,-1.005214243773350802e+01,-3.867658809658298225e+00,-1.816537793408377732e+00,2.747777858157542497e+00,-5.620542679029636446e+00,4.084766813674244545e+00,6.006594290058255403e+00,2.236365614919169076e+00,-2.494924968785815489e-01,-1.688724740773786870e+00,2.926194287948523431e+00,-3.783186533164663023e-01,-5.276821538154318203e-01,-5.208699569619505976e-01,1.906457742735681027e-01,-9.041687957619327642e-01,-1.430116032726913122e+00,-1.312888773584479418e+00
1.241613155243801572e+02,8.262306733310005313e+00,5.313611241452559142e+00,4.618521328395018166e+00,-1.338628998953531601e-01,9.748494167060652860e-01,1.132895684685619742e+00,2.063604206354420434e+00,4.991674878887110145e-01,-4.053503555544480941e-01,-9.765609172434404073e-01,4.499322661301885518e-02,1.807091784498731979e+00,3.922772021367357809e-01,6.881332664787400688e-01,8.393852559209954434e-01,-2.634048602729536226e-01,1.013544284040138521e+00,7.798789095723848153e-01,-4.316611572794080698e-01
-3.936893755054069288e+01,1.053184913601381822e+02,-1.506332006543796709e+01,5.100046125584423606e+00,1.981483668005980192e+00,-3.780161235897334659e+00,-1.338160300690332871e+00,1.573596594522205461e+00,-4.278661821598174209e-01,-2.842892128362921600e+00,2.709760464932269297e-01,1.054382924847414138e+00,3.984706495100436285e-01,-1.550382788322823391e+00,-7.400826743547301856e-01,-7.435365230303154771e-01,-1.860376648571500646e-01,9.794611960909787030e-01,-4.902362049630117902e-01,1.761000676652592523e+00
1.948031825417890559e+02,1.935511930984156592e+01,3.242667903230471893e+01,-7.528494552331284062e-01,4.593150049570808413e+00,-1.474977923688480796e-02,-1.001737347138794476e+00,-2.524480025341161449e-01,3.068110793432381467e-01,-3.211557934919196389e-01,-1.414251754115006143e+00,2.515713792282114336e-01,2.555771841006180267e-01,-1.767472725141546186e-01,4.126316057672216875e-01,-1.494821459885799508e-01,2.894676407811451746e-01,3.410309505916143125e-01,3.998039767166371439e-01,3.933344670673415422e-01
1.471417822214661442e+02,9.778327119433716241e-01,4.320375947321152488e+00,4.381325378953046190e+00,-1.256499989807746465e+00,7.507488935151269693e-01,-7.462363031237301270e-02,-8.438592013855317209e-01,8.324432583541757635e-01,2.210709291360547224e-01,1.139641490428696446e+00,-5.803373291500789621e-01,-7.830236165523974945e-01,-4.932134976691571193e-01,-1.218833542290315153e-01,3.126691880127854262e-01,-2.491470632192410162e-01,1.423963230471880781e-01,-5.519448636392069174e-01,2.693605000660259652e-01
2.540388630385578050e+00,8.548357766180035355e+01,-4.805033563320443513e+00,-1.251862198741986454e+00,-6.978935741422098715e-01,1.440115202146840190e+00,-2.662518789008009978e+00,4.454588050765613261e-01,1.001900786209783956e+00,-3.306006071783794020e+00,1.318405703731571066e+00,1.882445451251539614e+00,-2.038822906205647101e+00,1.865251928928659986e+00,2.009527395927186877e+00,5.635639972646601104e-01,2.584950462250871439e+00,-1.985425504959127618e+00,-3.542485836937375732e-02,-4.157717099592767029e-02
1.182994811870929084e+02,-7.649118917843330756e+00,-1.905679645716541870e+01,-3.798134792008044158e+00,2.619385149631011434e+00,-2.262097242488387838e-01,5.800236225303279092e-02,1.751089506848231836e-01,2.478047939236245334e-01,-8.787554036703246751e-01,6.672692477409924994e-01,-5.299803727371346085e-01,-5.594046608430465195e-01,-1.050364925719893705e+00,8.073229978537771467e-02,6.232213765781454695e-01,1.437589501075163811e+00,3.314211892604072840e-02,-1.382612190237732852e+00,1.240237978047291856e+00
1.157333747691463941e+02,-1.246908704229249309e+01,-1.915909445022658630e+01,-2.258794002486724573e+00,2.482544085425405722e+00,-1.768422431520787486e-01,9.089507792732264280e-01,-6.194282610459043159e-01,1.155699222534692927e-01,-6.538285132338689243e-01,-4.636694161573589046e-01,-4.097910918871018882e-01,4.531980386031788655e-01,-8.155442050198391524e-02,8.484132283483747372e-01,4.420018922401893202e-01,-5.488007235926215532e-01,-3.191160929708886096e-02,-1.143647617371129410e+00,-5.357529350512970634e-01
-3.808736445712384011e+01,1.062705618859982764e+02,-1.299646219928349922e+01,4.053019306615871287e+00,5.308510879616126221e-01,-3.385552667025689466e+00,-1.260388323490163387e+00,8.824369623964020137e-01,-2.059664979370062099e+00,4.181425158091935046e+00,-3.432358339862887631e-01,-1.060125236277052796e+00,2.371293350729188898e-01,1.381672248425049876e+00,1.312197289310720882e-01,1.074378327843729775e+00,-5.174023188639351734e-01,1.691054638554157163e+00,9.280245741114162561e-02,-1.654870028457803288e-01
1.137509159157934278e+02,-1.136798213394813750e+01,-1.752657442082623618e+01,-2.248288515220230988e+00,9.545958300743380143e-01,9.691202461748935626e-01,-1.608739257664302258e-01,5.855737961400753200e-01,1.897806201141812865e-01,1.170416837684718381e+00,1.393058882664236053e+00,5.060771971146759141e-01,4.343574359293991827e-02,-3.019825330437875821e-01,-1.947153877265066502e-01,4.157819060649129428e-01,-3.629321419183273445e-01,2.329635835205880190e-01,1.852399139873894818e-02,-1.007363066831716392e+00
-1.499043818896450553e+00,8.325965361691073952e+01,-6.591616891291891989e+00,-9.978272488776296356e-01,5.610502611128935502e-02,1.650111978687533121e+00,2.254684385300738114e+00,9.080082121696606556e-01,1.068008949152009057e+00,3.314402949027978273e+00,-8.293260763244454381e-01,-1.837603312851883830e+00,-3.514658768945122080e+00,6.260185298795603592e-02,9.335661290641898979e-01,1.576457081515912462e+00,-6.502588086861343930e-01,8.874505682713905719e-01,6.484667684189259207e-01,-1.765654619451909157e+00
-3.446031052414653573e+01,1.001032359703658443e+02,-1.037455422423481544e+01,3.415233825031823489e+00,1.268628584090164768e+00,-4.004729055262281179e+00,-2.340782445746550700e+00,-7.787846371664839396e-01,-2.656496331926607724e+00,1.555847748583509382e+00,6.516010955297535379e-02,-8.108455167043578937e-01,-1.460493976552911466e+00,4.010737989219089528e+00,-5.300001435823036289e-01,9.227326262152120151e-01,4.887529860531332759e-01,1.088766007597039343e+00,8.285467745729797606e-01,3.274076528974804723e-01
9.972261942034734261e+01,4.906966429872019830e+01,2.445830183181397288e+01,-6.773522937174549341e+00,-3.504656436027373534e+00,-2.336825161618107494e+00,-3.518598506422908612e-01,2.100645734777410123e+00,-9.669448546602320560e-01,-4.782964967125751810e-01,3.275131971770957939e+00,-3.419002418062538351e-01,5.414561441036717104e-01,-6.874615217875735818e-01,1.530625557441442686e+00,3.583936213334763532e-01,1.063783907717563482e+00,1.432221023244692137e+00,7.249553631086358418e-02,-6.541098569320593636e-01
2.633079005845372578e+00,7.762093803983697171e+01,-1.104727913601849210e+01,1.290214384769134082e+00,-2.237133303830478592e-01,1.269268425096472530e+00,4.313943709135539262e-01,-3.889260264796727817e+00,-1.156075044528525053e-01,-3.476558516367641016e-01,5.369691315422500111e-01,8.072551910682046472e-01,4.848966561743922044e-01,-7.479261492272935019e-01,-3.700247489629678865e-01,-3.114926480140250753e+00,1.068980290665986432e+00,-1.170484214560359337e+00,1.708556523080389855e+00,-1.306662089748089617e+00
1.282836551704160399e+02,-2.363861656147894408e+01,-2.214082377403996205e+01,-5.772783389932527598e-01,-3.840085208164957797e-01,-9.846586677676942845e-01,-7.367805040852932752e-01,1.201843824755861156e+00,-4.171219620174466680e-01,-1.084110718808198870e-01,-8.656728522400904957e-01,-8.039411915165090017e-02,4.479666944461514477e-01,1.579053250966087063e-01,7.907772053600210516e-01,4.310444282285934570e-01,3.134613449822948872e-01,2.466351157858004406e-01,-2.216664713325067204e-02,-2.368399907718272412e-01
1.557174549094243901e+02,-3.989598276712102987e-02,3.178741816804376619e+00,5.077606156914505675e+00,-1.922961197586259940e+00,3.373969340718954157e-01,3.128493564410924077e-01,-1.823901170013148665e+00,8.621963218216999181e-01,3.239626478319507230e-01,1.467940999858115658e+00,-4.044085421466747654e-02,-6.439222977703900064e-01,-4.984923286626655736e-01,-6.213093740818587118e-01,1.073067565960167113e-01,-9.338288753705640266e-01,3.070889034795598604e-02,-8.396412207266992223e-01,3.240370313657018331e-01
1.578519330168091130e+02,4.093060805711598027e-01,3.160350460949580498e+00,5.838978217197210441e+00,-1.833308997864754986e+00,1.268527677959653044e+00,5.809418441897863383e-01,1.665100772336447044e+00,3.343297305045659362e-01,1.375943466408364457e-01,-3.504243125788082391e-01,4.534761157934274478e-01,9.608841725435401937e-02,-1.594335031646230139e-01,4.377711164194872939e-01,8.571421455347623120e-01,9.035171690446652804e-01,1.820419691790968741e-01,1.936187360849636052e-01,-3.569104773328713454e-01
9.899228729715215991e+01,4.234775051933911527e+01,1.942786956581715430e+01,-5.118338662991506638e+00,-3.948472105825065803e+00,-1.044800341857012205e+00,1.816002965669337055e+00,-6.993902895874062331e-01,-3.566976352926103377e-01,-7.884228987905956831e-01,9.865866170528200252e-01,-4.126588761640285208e-01,1.258725752495250205e+00,9.073396514311389272e-01,-2.795529851546004974e+00,-1.776432587715292222e+00,5.474873537699926906e-01,2.146077781285124164e+00,-2.353569792586547305e+00,-3.064387489148742372e+00
-3.965185709732286057e+01,1.043203209607605970e+02,-1.438833266287545243e+01,4.208656105084077836e+00,1.519541703744092143e+00,-4.767224397983500950e+00,-4.551926673489616881e-01,-4.678091995255222457e-01,-1.164317426908995534e+00,-1.854923465116825154e+00,-5.243950096513623205e-01,1.954160482182332181e+00,8.306377334106660459e-01,-1.765252369192300996e+00,3.004372881864265654e-01,5.903804858464746230e-01,1.537294864234318936e+00,6.923706861373322141e-01,-2.036747873834727773e-01,-1.348653596242713748e+00
1.851767996973000265e+02,-2.850028385641213191e+00,-1.958768705880750360e+00,7.951673632829405314e+00,-3.717649645265125535e+00,1.823156490732407375e+00,1.422292072715286571e-02,-2.085407965784951134e-01,3.888610190722646687e-01,3.871885207220276959e-02,1.461029309326904446e-01,-5.588601772602665996e-01,6.843501798670936775e-02,-1.937355302611564190e-01,9.513973309006209522e-01,-2.481117149976476977e-01,3.873874857951136175e-01,-1.956806031224679332e-01,1.223599288009363795e-01,-4.168891393539142509e-01
1.791623422115872586e+02,2.185137912039379060e+01,3.279802255455152959e+01,-1.872587015551479439e+00,3.407423682040106261e+00,-9.744765218644995119e-01,3.778707464981163611e-01,-4.256924904100918283e-01,-2.164362578635813383e-01,1.517632491334119926e-01,-1.072221262516230400e+00,1.090150247064497702e+00,-3.297590217643712185e-01,-1.425093347287764711e-02,-7.961257716339686930e-02,-1.753757002542879473e-01,4.749622043951917671e-01,-2.104463605420043848e-01,-2.218741079950037332e-01,1.323494522231013493e-01
1.976831927347801638e+02,2.505822150031914219e+01,3.533764051418645380e+01,-2.417309508107785554e+00,4.576201616784706161e+00,4.861084004644362078e-01,-5.865976164117155944e-01,-1.594104821794165572e+00,-9.591531210118265927e-01,1.310561542456984085e+00,-6.612536903701582425e-01,8.426702787859891020e-02,9.885816986880081592e-01,-4.908627635678732837e-01,4.713685783389799933e-01,-6.419829585066463284e-01,-4.193039776749465930e-03,-1.168712778848568501e-01,-1.197675176701097355e-01,-4.776850893468633230e-01
1.417460712760798174e+02,-2.606542658922536759e+01,-2.211358603804084311e+01,-1.075608811947833310e+00,1.786820781545866987e-01,-3.867683301373340266e-01,-3.676281057555223497e-01,3.166553916227985432e-01,-1.492707837842864205e+00,-2.177563643773249846e-01,6.340160846086267954e-01,2.415731620202217211e-01,-3.256727144430127119e-01,3.601775250490246716e-01,5.621666596012115935e-01,6.230121636995722412e-01,-1.025960373827850880e+00,-8.111469359027138060e-01,5.273881617744583528e-01,3.031042357382571217e-01
1.757617954089278953e+02,-1.250499219085991598e+00,1.942681733894984664e+00,6.896914314573175275e+00,-2.494983250162460031e+00,1.328013423234390533e+00,2.759365865032631926e-01,9.507929091352327333e-01,-4.030584132409129605e-01,1.438737441816079488e-01,-1.250818436493843500e-01,-7.234502292561069137e-01,5.721093507158712121e-01,-1.950396014871402794e-01,7.350737932546307363e-01,4.097845159619433186e-01,2.828835069204757580e-02,7.113354693770934656e-02,1.115012875669696424e-01,1.395594248916398050e-01
1.758878488728544767e+02,-9.620666797635896828e+00,-1.021642768685352642e+01,7.402547949440787534e+00,-4.561717924620366738e+00,4.496653602026120522e-01,9.236287707136366931e-01,-9.361597289095573426e-01,2.995161179672667373e-01,5.569382905936189898e-01,1.584141689212241522e+00,8.724466568199401584e-02,1.712508105508790957e-01,-3.934360214751810303e-01,-2.178231700961436590e-01,-4.347516969794653630e-01,5.837538260967370940e-01,1.035977177253561976e+00,-1.619697821533239601e+00,9.971522360500237325e-02
1.389103932044899921e+02,-2.291706223683893739e+01,-2.203360688487011743e+01,-9.103824386856793627e-01,5.277128756989025726e-01,-8.021964323000732033e-01,-3.237809292754243451e-01,-5.072484539033556006e-01,-1.386000746930674321e+00,3.688546217189872523e-01,-2.967515758764029954e-01,-4.196997867615371303e-01,-1.315458033064770271e-01,3.535539313208883039e-01,-6.726030112917813497e-02,-2.542192155904799966e-01,-1.091750092225821867e+00,-7.986694837094350241e-01,2.666200812591568159e-02,4.047484774836537791e-01
2.454921161288918086e+01,6.245016717066339140e+01,-8.092773188943384710e+00,-2.438125690420636982e+00,-1.337949356723880712e+00,3.372091514196350115e+00,3.237318373014040684e+00,1.736397621456217122e+00,6.103041650199286794e-01,-2.229103131308505681e+00,-4.178495392152054677e+00,3.527432051032987737e+00,-1.309832587555967542e+00,-8.416350116729042208e-01,3.181292700755632974e-01,-9.037148593669732666e-01,1.065678816360418057e+00,1.213036429011921769e+00,2.660575099959813228e-01,-9.325279655745126461e-02
1.448133913627157767e+02,1.015096637155762060e+01,8.360296058700852129e+00,5.495826930436802371e+00,6.016261368797963804e-01,1.013362070021552430e+00,-8.603773755978263438e-01,-3.043100598649771893e+00,3.463467722679447469e-02,-5.727449018851809015e-01,2.299466247140673492e-01,-1.109061945268126737e+00,-1.293864057648502541e+00,-3.914653161712533525e-02,-5.245276940494570939e-01,-6.471988377610427001e-01,-4.310600225373366623e-01,-1.261290466236579144e+00,1.028853579333268708e-01,1.430003308786302219e+00
1.254219368613765369e+02,-1.927701395862482414e+01,-2.344764207892961849e+01,-2.501937847833871409e+00,3.317027103601761340e+00,-4.395893361753677731e-01,-6.445653287528929631e-02,-1.012035938967505988e+00,-1.383724282592159183e+00,-7.588772575367989104e-01,1.205950712158965210e+00,-7.392406879701631794e-01,-5.695913322413642677e-01,-4.303350251621236300e-01,-3.385403861565086103e-01,-2.438922036178566843e-01,9.574772137333509292e-01,5.121685614856312796e-01,-8.470344157506701777e-01,3.068945646920684944e-01
1.006553932266220102e+02,-1.189524667019748350e+01,-1.871655618966148538e+01,-8.632739650422673883e-01,6.524397037101099528e-01,2.781292885288578765e-01,-3.704129640257414202e-02,1.504747093022339444e-01,5.432726669059673164e-01,3.474320764382245186e-02,6.767529570054171550e-01,3.329359507808440366e-01,-1.704831295932751623e-01,1.829724552148523919e-01,-4.831335270994991382e-01,-2.917180439155549476e-01,-2.030145002090437134e-01,5.095101569356458304e-01,3.390919632250865012e-01,-6.742406341328949226e-01
-3.670070982963666495e+01,1.051808623023205342e+02,-1.153689087732432839e+01,4.097241172811207477e+00,2.790358253549391598e+00,-1.261293872825982820e+00,-3.486228581439011709e+00,3.218985299932124011e+00,-1.275515687341826077e-01,1.535432311298672081e+00,1.425749045201916143e+00,-2.485252976462660746e-01,1.396884006521984967e+00,-7.527789395429878017e-01,1.741728799092100988e-01,-6.067221167637608659e-01,-7.674364677032234905e-01,-2.098191257310406233e+00,-2.628080138215203476e+00,-1.293968132332489751e-01
1.033073744566840162e+02,-1.423071947298997486e+01,-1.682336845948086079e+01,-1.362383716130465494e+00,-3.236344850904394055e-01,-3.773219330144859662e-01,8.062504974604002284e-01,4.081770166621756513e-03,-1.609440294794679538e-01,-1.331616036168134509e-01,7.859940078722242873e-01,-3.485979534560463833e-01,-2.872302589203860612e-01,1.592990468334910537e-01,-2.162147293823682703e-01,7.768870562253070433e-02,1.556936825880816389e-01,1.826124385577486131e-01,-7.678076250166623318e-01,2.909350636436548454e-01
1.137130307349970160e+01,7.145365560943707806e+01,-5.830097900097257480e+00,-1.678475224044589265e+00,-3.060243373706718617e-01,1.481348866972565403e+00,2.743654692317671007e+00,1.874754472003414385e+00,-9.567559930023923354e-01,2.112918081939376691e+00,-1.045985958211944844e+00,-4.291871841299450541e-01,-9.236343542776457305e-01,-2.388363191362434357e+00,-2.036567262777067844e-01,-1.320077016346091203e-01,9.518267991458979616e-01,6.548339542629202925e-02,-2.304273584092427996e+00,8.110928592435446838e-01
5.108602910334653302e+00,8.246360516652707418e+01,-9.357666275360651653e+00,-1.164576884691316483e+00,2.881317547462221018e+00,3.653899318603492041e+00,4.333183345161405242e+00,-2.175772873176772926e+00,1.332651834136069358e-01,-2.300298815744307168e-01,1.060566112454254473e+00,-1.599519276576709670e-01,3.094009348754245714e+00,1.786849501769369963e+00,1.966736217009200871e+00,-2.748910710118319667e-01,-1.130928305564890213e+00,1.133647423625012030e+00,-3.347257686603056781e-01,2.645566653645406774e+00
2.503225418518170642e+01,6.532480546274022970e+01,-1.037102121321038695e+01,-3.148062679408561326e+00,-4.202646761204583470e+00,-1.927999705898130411e+00,-9.063783246811066840e-01,-2.219775608038338177e+00,2.590919419910812316e+00,1.110690654825315260e+00,-1.387430994888366076e+00,1.348738124082812906e+00,1.840246735729724081e+00,-1.125930278592020883e+00,-4.987618103436347594e-01,2.167952629350062388e+00,1.921491792488092321e+00,-1.789033402426690511e+00,8.408149045177185643e-01,1.239551943212065854e+00
1.455189597939386488e+02,1.329078425007043762e+01,2.139133920438801795e+01,1.172267425705158794e-01,1.642288082600091625e+00,-7.156964129081744286e-02,-4.251379640579460717e-01,-4.905093304033576462e-01,1.043632298209759890e+00,9.123446189115435034e-01,-1.652132151839535990e-01,-1.137194537780494841e-01,-5.736864876815368497e-01,2.149109878470199519e-01,-8.173682440759730827e-01,-2.043893379860363679e-01,-1.120206778752508736e+00,-3.725473740916851462e-01,-4.217312055333722887e-01,1.894722406808984072e-01
-3.968371865153262235e+01,1.063691239029934934e+02,-1.389426643213082357e+01,4.929944530210148557e+00,1.334459088647240499e+00,-3.642460542801457812e+00,-1.749397243245357281e+00,6.875655324943041879e-02,5.692593497228215504e-02,8.767653062053916146e-01,-6.060887045153007247e-02,1.801968871077340273e+00,-3.762596966732264514e-01,1.314788701608956334e+00,-4.277495009451381947e-01,-9.905775463161745620e-01,4.791828442200386506e-01,1.477196461833061525e+00,9.901710652748167973e-01,-6.352358722181201678e-01
-7.229251629548274494e-01,8.571681712259321273e+01,-7.204358274137508289e+00,7.015794569235145328e-02,-1.214900957516172886e-01,-2.256773010836110593e-01,4.318858163895327174e+00,-1.283139884682327869e+00,-2.351750876538829527e+00,-1.471895190447723767e+00,-7.715158237524530893e-01,-1.730649289209458042e+00,-1.202040740139453501e+00,1.009809900250408399e+00,-2.879141115473136558e+00,1.359850877179257234e+00,-2.759557938431804747e-01,-2.873336297131412920e+00,-2.802727978093232153e+00,-1.970975935954075720e+00
4.799124230455363183e+00,7.718429673916928380e+01,-3.533050697865132150e+00,-1.356659489239742999e+00,1.871776510096033741e+00,2.849093740182392587e+00,2.018879949475155478e+00,1.301078725080648812e+00,-1.252140812219873833e+00,5.937985582020048891e-01,2.250268511183048492e+00,1.398708060926304175e-01,-9.750310134136564999e-01,-4.648208722589259878e-01,2.172364307218082602e-01,-3.147068116435988161e-01,-1.130779768097112670e-01,-1.246099015929257314e+00,1.632141198207231136e+00,-1.415166559542586189e+00
1.382796704848877027e+02,-1.953320483541883590e+01,-2.151377961646953807e+01,-1.337215529377829393e+00,8.734909869988034536e-01,-9.273334829186683503e-01,-1.560150479996336159e-01,-2.601949257053703946e-02,-1.359767337501934792e+00,-7.860177405824735342e-01,-1.604734488509980128e+00,-1.950608419594512255e-01,-2.279849789712766750e-01,-6.057037814703706280e-01,5.782190331633403346e-01,-1.477299522288916256e-01,-4.986815800236795160e-01,-1.188837820106169785e+00,5.147893053850541856e-01,-7.572200969311180252e-01
1.252356832953836232e+02,-1.746621949149211517e+01,-2.195428283036738293e+01,-3.351746115719693275e+00,8.092285066256228454e-01,-6.892825756804465964e-01,6.517077964481974295e-01,-5.463881075762898609e-01,-7.228513644957095252e-01,5.431360207142097440e-01,-5.493509485096097489e-01,-8.130856807246900075e-03,-4.590747551805279825e-01,-3.394694349877174222e-01,4.946775420698154568e-01,-4.043979021677605035e-01,-2.069934528373360005e-02,1.513638975003147036e-01,-6.974800306622725987e-01,1.301229029109638446e-01
-2.919574821012317045e+01,1.046440571509352679e+02,-1.052485532171414917e+01,4.184506246646423122e+00,3.905652500261151072e+00,-1.182014295350685584e+00,-1.412220385062247896e+00,1.210494508505851829e+00,7.234409706842389598e-01,-4.237220164035565340e+00,7.093816701120011503e-01,9.544667649174387591e-01,-1.800937681038100369e+00,-1.256444641430669806e+00,-1.500491262743747667e+00,-2.927197795684117310e+00,-2.097746403814650495e+00,1.071823371404677649e+00,6.463926076814141553e-02,-4.837662276327441280e-01
1.130889851609099281e+02,-2.039991883674973749e+01,-2.075619982585477175e+01,-1.601292844825327744e-01,-4.606511571765161128e-01,-8.584098816057224024e-01,-5.013968773140065061e-01,-6.140668724779780874e-01,4.628765652131987540e-01,4.309406523263222266e-01,4.312924491319136688e-01,1.315249024236964104e-03,4.718894739574448494e-01,-2.411978767866339024e-01,2.166629656396029113e-01,-2.774528015897783639e-01,-1.760888080470335293e-01,-7.267348149189944984e-02,4.242017330662687380e-01,-1.916199961231957183e-01
2.596395235623854347e+01,7.419108810187222502e+01,-9.854695105402795363e+00,-3.243693395385485623e+00,-2.527261948611428277e+00,2.820339037932914295e+00,-3.238581954825724640e+00,-8.046183565798986637e-01,1.628893546244109258e-01,9.346206098854294986e-01,-7.956760874894363011e-01,-2.875553417329785866e+00,-3.289058946400613248e+00,-5.094826640101670634e-01,4.165138869886924056e+00,-2.833592550818868627e+00,-3.839082150451813558e-01,2.057637050044162752e+00,-4.516119870192827901e-01,8.554768837658659475e-01
1.183529738948387262e+02,5.232507817529334204e+01,2.462606202274037415e+01,-1.975823263033333443e+00,-6.041368138094475704e+00,-1.069801263310350192e+00,-1.791702706298593517e+00,-1.501227595827532735e+00,-8.977955142070039862e-01,-8.188999739013653745e-01,9.280130138833659892e-01,-1.120610638205715270e+00,-5.713991351211511471e-02,-2.271417085251621337e+00,1.588096798422743205e+00,-1.038655104314570643e+00,-2.010896892721993900e+00,-2.203536350979848457e+00,2.199134869259408376e+00,-2.194468577897055184e+00
1.220294801418465340e+02,-1.042571582186859303e+01,-1.956190404219137591e+01,-3.605596801962338560e+00,2.064881084920207499e+00,-2.097863236676822396e-03,3.627644680533032018e-02,1.763958717874316018e-01,1.613173624242102866e+00,8.720964094817773571e-02,8.404637412613678027e-01,-5.491607936385131117e-01,1.001520850985642141e-01,8.856125648728849775e-01,-8.658614371863267989e-01,3.205258561703703268e-01,2.418692675683139226e-01,-2.316591201945735479e-01,9.997453651431387200e-02,1.111327721083907427e+00
5.029194733004360529e+01,3.292270298162224407e+01,-2.882990111496481767e+00,-2.316315314425096528e+00,5.297719072639264226e-01,8.772330795834126782e-01,1.019939105175099003e+00,-1.989283487213118762e-01,1.849357580387644695e-01,2.426371086329180748e+00,3.459067830838813862e+00,2.975164021887247046e+00,-5.739885717586155067e-01,1.690144417391140408e+00,1.309860600955192744e+00,2.728310500326363019e-01,-1.768463592436716469e-01,-4.626259837021386989e-01,-2.772486586863187608e-01,4.316355772264613977e-01
9.371027666247321974e+00,7.398369604457784021e+01,-7.572803832449899630e+00,-4.615859078572099872e-01,4.449801294005713004e+00,4.475963964017569907e+00,1.547112458642381227e+00,2.884513366501977760e+00,2.239568027738907841e+00,-3.532871830710847760e+00,1.050241629431235113e+00,-1.689150754109400410e+00,1.485633175733787059e+00,1.620684097504184296e+00,-8.564063927585080505e-01,4.730462655899577706e-01,-1.016562887180671115e+00,6.377287630195166424e-02,8.393358215584667548e-02,-5.823057155443231991e-01
2.019095643794896091e+02,2.125106448105566415e+01,3.268855710814169413e+01,-8.175494808392156365e-01,4.043142260445098835e+00,-5.186187234313230920e-01,-1.369046903408376759e+00,4.091780568674976415e-01,5.523631626815395101e-01,8.506903587957115320e-01,-4.998125378775120087e-01,1.621796563156022275e+00,-6.071571199230196836e-01,7.361228795531082891e-03,-2.164922147686154652e-02,-8.505829603544878825e-02,7.535498112981352525e-01,5.743538109860130136e-01,-3.135632303733209003e-01,-3.027367627288028440e-01
1.160542180308151075e+02,4.470011641048115081e+01,2.199398003157821790e+01,-4.076518883611486288e+00,-7.266434488291034555e+00,-2.651883654565206361e-01,2.163742983307085366e-01,4.788457663422968302e+00,-1.480232283179609309e+00,2.243690754096028250e-02,-1.590078733201925942e+00,4.160275460523829572e-01,-8.934587366847168699e-01,4.702136377274593215e+00,-9.870242639127289053e-01,-2.728273810875438965e+00,1.334742220497793008e+00,-1.160248187114527596e+00,2.674194603930071246e-01,7.946890167323170662e-01
1.276609710249137493e+02,-1.904533357834193907e+01,-2.093988018195635448e+01,-2.320565899278713484e+00,9.702245315624994371e-01,-8.305208470484622962e-01,-9.601519105408373722e-01,9.917981602346284120e-01,9.284142779342003937e-01,-1.097341733049985724e+00,-1.686159906252808760e-01,-1.284445041877090854e-01,7.103789453289373057e-01,-5.023918787355624582e-01,-2.631854430440816461e-02,3.674504834883036697e-01,1.947798921218184265e-01,2.304423290788751300e-01,1.070346495463673442e+00,-2.914189663842481903e-01
1.352264070892789221e+02,-2.683085160308507966e+01,-2.374046670532298720e+01,-1.595358390474895138e+00,1.012070079252525012e-02,-6.567204919538387475e-01,5.568278054782371811e-01,-3.489126462835122622e-01,-5.402932875211818864e-02,4.468835154371554874e-01,-6.380895457928141834e-01,8.644293291077782548e-01,7.576208939017408106e-01,2.909191496964861345e-01,-9.876020070834452547e-01,-2.456061568873343093e-01,-3.998007960188444398e-01,-4.284172323921363046e-01,7.739820361391994696e-01,-1.077623804657059925e-01
