-2.696282122627173372e+00,-8.019654621469907596e+00,-4.488574923528268812e+00,1.194697763947187852e+00,1.268900074232304442e+00
-1.407706463059307245e+00,-9.241462847198314012e-01,-3.865927487619441383e+00,1.805620892163892321e+00,-3.650167800319958356e-01
-6.484303594784975644e+00,-2.094162412576137555e+00,-5.306602355807620297e-01,-3.943720700245607613e-01,1.465525104014561361e-02
-4.562315036646362731e-01,6.547960995029043829e+00,2.024936457495676301e+00,1.352804270173952439e+00,-1.544091089407999995e+00
-5.186822833034020697e+00,1.773967711858113461e+01,-4.599769313919864544e+00,-9.958327059472359410e-01,5.786030481914562484e-01
7.114677127279388280e+00,3.812989199968693121e+00,7.037256454064945821e+00,7.112728029169330668e-01,1.476538630745435565e+00
-8.658558549377804781e+00,-6.908796522574306209e+00,2.846643890551217915e+00,-1.795740272538504545e+00,-2.202180255072602177e-01
-5.872953582288962693e+00,-6.692127845820172283e+00,2.901889944891991480e+00,-5.739281369108704123e-01,-8.092111463639020119e-01
2.364818152155748621e+01,-3.461739626418515847e+00,-1.325794786355490196e+00,-1.304522543780793020e+00,-4.001599628981891699e-01
-2.934140857462508745e+00,-7.669909385833101112e+00,-4.155218528060731664e+00,1.614720901445271695e+00,1.108053526246414622e+00
-1.064389864278391107e+00,-1.902693760519357680e+00,-3.608987417400550068e+00,3.671440019885127803e+00,-1.030997644704940264e+00
-6.498998360842158206e+00,-1.459809480188165809e+00,1.698260659288699792e-01,-5.426475074566620288e-02,-7.829086339215931556e-01
-7.812762717689163416e-01,8.014059067959905747e+00,1.160607196111797412e+00,8.284899392876650115e-01,-1.988396704586315566e+00
-5.569234918390444378e+00,1.465556262215780414e+01,-3.220953088883307558e+00,-1.125116739986481651e+00,-1.530567641748717678e-01
8.659126700239998087e+00,4.263856605295621272e+00,5.737427317291595941e+00,-2.200818377570091133e+00,1.947707859560638521e+00
-8.538271323361959375e+00,-6.089097499473708375e+00,2.943025105018068022e+00,-1.387085095506036092e+00,-4.448281630581410462e-01
-6.274095447392888047e+00,-7.213192232857063679e+00,2.392823903819962794e+00,-9.293548259841414305e-01,-4.650709444737604059e-01
2.300128034325726745e+01,-2.598775936541936282e+00,-1.418550553825697502e+00,-4.180110708256500329e-01,1.809497469112568035e+00
-3.519340367822405113e+00,-7.818870679377389443e+00,-3.372956121914156391e+00,1.256759634935780801e+00,1.055707976583453833e+00
-1.035296144998869128e+00,-2.597979073580653164e+00,-3.898514016557136141e+00,3.736825463168197192e+00,-4.900194434952344635e-01
-6.677059079009022291e+00,-1.244834124995797264e+00,2.966802105921494959e-01,-2.864754118678988770e-01,-8.880734734333621816e-01
-7.315087291017572380e-01,8.434771884042055135e+00,2.206850532202253024e-01,1.434519456948202487e+00,-2.435475787615376753e+00
-5.519572885538135409e+00,1.359043886605573981e+01,-2.793578018533084517e+00,-7.870065000727864968e-01,-1.181541549873771801e+00
9.051331696769363333e+00,5.576579048183056386e+00,5.443937527194997017e+00,-2.470865550916396813e+00,1.759658389572662740e+00
-8.664620748034861819e+00,-6.105068810669261659e+00,3.045031256925498475e+00,-1.492013075560414848e+00,-3.633212102572515034e-01
-6.572538847383726512e+00,-7.269586071724757126e+00,2.255628162078170629e+00,-9.129532838352356627e-01,-2.570068018995455561e-01
2.366860510511941129e+01,-2.565451037932992229e+00,-1.196914053006663314e+00,-4.787907327994478934e-01,2.800071900418428683e+00
-3.518661516137898460e+00,-7.813427658227327655e+00,-3.468532719017106469e+00,1.227006332505809594e+00,1.159223817471693341e+00
-9.764675293887968843e-01,-2.655944203462234032e+00,-3.899570227025475955e+00,3.913434368896358428e+00,-6.313531174150859293e-01
-6.893888044284052441e+00,-2.417645399542601492e+00,6.297080646443307117e-01,-1.942504981363775071e-02,-1.039867532741657552e+00
-1.212702561701598070e+00,9.389774966816185398e+00,4.848103806494972190e-01,1.303126658214355471e+00,-2.934457790794959831e+00
-6.325639731593176940e+00,1.175316426695229666e+01,-2.421243026832807566e+00,-7.388623087143425527e-01,-1.592014550079692725e+00
8.778004760693757902e+00,6.025219687745241082e+00,5.070541949041926344e+00,-3.406914324180382092e+00,1.662542749203422598e+00
-8.539970039532477131e+00,-5.911398624413390479e+00,3.136259850601225807e+00,-1.383173772527694689e+00,-4.834396107931608344e-01
-6.595247809383860904e+00,-6.915120671068453184e+00,2.099970456654578044e+00,-8.321466769623236948e-01,-3.054172875099101514e-01
2.528457247132809727e+01,-1.454622364799714074e+00,-1.631944728716165471e+00,-6.304522741814320985e-02,4.164783322659356024e+00
-3.519265456292417049e+00,-7.583402942613232334e+00,-3.609473658717688771e+00,1.240986409707323324e+00,1.227152000290159473e+00
-1.072620418457748359e+00,-2.001925067624285681e+00,-3.915191089021151427e+00,4.020886091955190977e+00,-8.408193994250491299e-01
-6.803675753304106344e+00,-2.111530796251332553e+00,5.441338919742031432e-01,1.129869137521382766e-01,-1.189746615009982023e+00
-1.067856746503021093e+00,8.010620573160071700e+00,7.602052068240957583e-01,7.930036628016650102e-01,-2.500275669935927869e+00
-6.335669998372193135e+00,1.115540114384874215e+01,-2.285587147436303201e+00,-1.174366606575129479e+00,-1.469885713450860276e+00
8.925180023526751327e+00,5.210695857814192422e+00,5.146296553251966444e+00,-2.991078782122522650e+00,1.339923291380594739e+00
-8.544835155898717005e+00,-5.711104934007358302e+00,3.097999093775943624e+00,-1.364005307787569565e+00,-5.760382845586076161e-01
-6.518549364757568299e+00,-6.565476840062094865e+00,1.946922150209435154e+00,-8.118263714745416193e-01,-3.050398333785320215e-01
2.493729287005901085e+01,-4.032769942647070338e-01,-1.685305000860495728e+00,1.734139897434463506e-01,4.314730224088203059e+00
-3.177914835323359721e+00,-7.756436455969362598e+00,-3.824648153809097284e+00,1.361169496773225296e+00,1.069128344290499966e+00
-1.007232270057365486e+00,-1.681283923535318081e+00,-3.835580595985567331e+00,3.645706133488511025e+00,-8.453773732789059414e-01
-6.569574768062822478e+00,-1.521533303053836939e+00,2.480643058008767110e-01,-3.980954544251626426e-01,-7.219016823253261439e-01
-8.567927734459294120e-01,7.312647781109258283e+00,7.615274178206159483e-01,8.026052496192919161e-01,-1.824268223565328917e+00
-5.688625776649359977e+00,1.353243283391224949e+01,-2.941630396674133063e+00,-1.455451722098266343e+00,-6.787963524428595186e-01
8.783611648546537864e+00,4.511771189897518575e+00,5.908488898099711228e+00,-1.679514986943106525e+00,1.907891033542939985e+00
-8.536122209401433736e+00,-6.000762025084044993e+00,2.873370440832990980e+00,-1.426409627917904599e+00,-3.322134671586061128e-01
-6.443834685682395147e+00,-6.893480795311496934e+00,2.274839807314650297e+00,-8.742726250840592295e-01,-3.264598131321124752e-01
2.349648567007612954e+01,-1.503355301964961255e+00,-1.464431723400043239e+00,2.426353658746861069e-02,1.751997534069700491e+00
-2.503398079935861276e+00,-7.651674921000401142e+00,-4.671624348217061851e+00,1.726956128523896128e+00,1.040812584120502704e+00
-1.200180477849880578e+00,-1.310931586766884926e+00,-3.344858945277983331e+00,3.240721153343935956e+00,-1.164962127533281988e+00
-6.322197174761470251e+00,-1.710454716525589003e+00,-3.839397594848405204e-02,-1.419736216706779797e-01,-6.155120774882878454e-01
-7.607833762742051142e-01,7.693545517799959654e+00,1.571723395227316411e+00,6.292347789214601805e-01,-1.489571124587654616e+00
-5.675169630613519978e+00,1.416582135382351026e+01,-3.247689345975901087e+00,-1.795326510099843897e+00,2.777107411600829301e-01
8.107461502628913408e+00,4.010523307046218733e+00,5.966152528184909265e+00,-9.564194190305338461e-01,2.436003031258250129e+00
-8.562857282528655745e+00,-6.171179865706494461e+00,2.977352849712497029e+00,-1.454794447812777225e+00,-3.361865758764387979e-01
-6.062544281124458756e+00,-7.055148151169044368e+00,2.282600793505650483e+00,-9.315758879619446819e-01,-4.832595161458591582e-01
2.297966880045914451e+01,-1.970500937501273864e+00,-1.495262951210943436e+00,-3.168221742135088337e-01,3.349650650926888074e-01
-2.276601085021698445e+00,-7.731187587618353341e+00,-5.056241655979153649e+00,1.392667784517405360e+00,1.067533053238312934e+00
-1.473954775084189928e+00,-9.970517876022096937e-01,-3.533510200349698316e+00,1.512313590548650444e+00,-1.142019974174543817e+00
-6.491241974486576360e+00,-2.244073203569013408e+00,-6.354365879844720011e-01,-5.959293727654085826e-01,1.789806566092461970e-01
-6.981390846041959364e-01,6.403354841813032827e+00,2.306991145358011863e+00,1.075496212716866351e+00,-7.082982401792005112e-01
-5.381350320883774963e+00,1.733074494930652776e+01,-4.249079829345565607e+00,-2.101870109115829610e+00,1.820901778237728585e+00
6.148374580330060013e+00,3.672641313404906072e+00,7.262863678086884711e+00,2.039191675762638489e+00,2.674940122480397253e+00
-8.680888562551183796e+00,-7.202703007404558377e+00,2.852329907970956313e+00,-1.879058986857773395e+00,-1.598947735899613476e-01
-5.743247076365817883e+00,-6.588676444265368914e+00,2.757024282446083330e+00,-2.525590203344088014e-01,-1.135960485588068281e+00
2.459704829866737441e+01,-2.643049074064968362e+00,-1.704940740203047200e+00,-1.190251774472141477e+00,-2.596182137033913317e+00
-2.215508495305117176e+00,-7.412648140840611077e+00,-5.084439059363517366e+00,1.067915942542599250e+00,1.580367929256071502e+00
-9.053284029456782900e-01,-1.183546942876272601e+00,-3.339294184959394673e+00,1.026121616733845610e+00,-2.041347499893490514e-01
-6.300041864662438762e+00,-5.637399053659527537e-01,-1.070822779914706313e+00,-6.281144490534015246e-01,3.515017496715720502e-01
3.079241785013954180e-01,7.534350902597919841e+00,2.564818658704458354e+00,2.171459682843567940e+00,-2.250229293054721857e+00
-5.470802472193331489e+00,1.331374713320311898e+01,-3.163271464194235438e+00,-8.266643269474098776e-01,2.145714094492827684e-01
5.626844044855016769e+00,4.140533072593560959e+00,6.133408987511749011e+00,6.884378302033083985e-01,1.926939455593728923e+00
-8.539270481928175727e+00,-6.269830617710331566e+00,2.765516178079414189e+00,-1.935682130617454977e+00,-5.351263173114412935e-02
-5.254078151271821540e+00,-6.521307255936936720e+00,3.087071864646247832e+00,-4.809186488124876369e-01,-5.810468258213455917e-01
2.275026164495015735e+01,-3.037558245664488066e+00,-1.892988200510010488e+00,-1.082555516892565128e+00,-9.844570433740960080e-01
-2.315418541219641746e+00,-7.187800103666864615e+00,-5.004639971557761413e+00,9.838886323065085815e-01,1.398335888289895745e+00
-7.418603140983771604e-01,-2.145334146731259217e-01,-3.360787224650001903e+00,9.858786445859495373e-01,-3.407617721316466564e-01
-6.186378478480460075e+00,-1.035898498334022699e+00,-1.240502830333602091e+00,-4.244082507219376632e-01,2.200940557615106707e-01
5.874897203932527567e-01,6.886020089571945668e+00,2.430935326782492467e+00,1.332314103285944240e+00,-9.606047694806091330e-01
-4.906121452006817485e+00,1.450186942936287338e+01,-4.106137568717657338e+00,-1.433727409335411096e+00,9.120898291401439151e-01
5.998378143807979512e+00,3.225210364912890704e+00,7.308938297816443885e+00,2.371242717277722178e+00,1.268989503127643470e+00
-8.489505664629936277e+00,-6.439521451615829228e+00,2.468337146253239300e+00,-1.895110606157417665e+00,4.835529480522194473e-02
-5.213045241523944995e+00,-6.422800146365365670e+00,3.041973943666405944e+00,-6.182783634057948952e-01,-4.663723113835867573e-01
2.126646182775793292e+01,-3.312546269192502280e+00,-1.538117119259555077e+00,-1.301799467835565105e+00,-2.080125718128570167e+00
-2.171024426631026127e+00,-6.976096321018844471e+00,-5.102543686392663425e+00,7.196592035937305898e-01,1.326608128481645110e+00
-7.650676324706185971e-01,-4.608046720165006049e-01,-3.892064448487987605e+00,-1.249882147038846592e-01,6.405282738699153988e-01
-6.257708806661955947e+00,-3.199678888846185787e-01,-1.698418635788739195e+00,-1.193257333388419550e+00,7.883857705545905814e-01
-4.762701729077144230e-02,5.345036624090998778e+00,2.949731640131880273e+00,3.245324521452907618e+00,-1.599630417933469273e+00
-5.439831548263127203e+00,1.256865948540847810e+01,-3.486476704698047602e+00,-1.036601871503166628e+00,1.367422158514161046e+00
5.537476943189477474e+00,5.886879069107107121e+00,7.459400568903830298e+00,3.648642877859228584e+00,4.771269841210643015e-01
-8.507249862916495431e+00,-6.178683922756608382e+00,2.298323246072162984e+00,-2.044293360617158051e+00,1.079204192118438793e-01
-5.337768845041463983e+00,-6.490579233834827377e+00,3.125126842742643962e+00,-1.127590395139051183e-01,-7.389210447841940699e-01
2.298880119608599415e+01,-3.374443140095188198e+00,-1.653078822483068810e+00,-3.101726783179332259e+00,-2.369440272035554074e+00
-2.534627066458566613e+00,-7.704180251848653960e+00,-4.750191877493369574e+00,1.227146202518601514e+00,1.303663500644543394e+00
-1.209642004653671554e+00,-1.077763870233087395e+00,-3.687948557321936160e+00,1.181036674362425432e+00,-1.849287730573156152e-01
-6.095637655036461489e+00,-8.371112690518223154e-01,-1.027248095536813066e+00,-4.788959111262695162e-02,4.449237079426144464e-02
1.019338622819057072e+00,8.040773615882802261e+00,2.588324190835002980e+00,2.233922890046227572e+00,-2.358859315579388660e+00
-5.678420857450101167e+00,1.447500049354676399e+01,-3.884904875962391202e+00,-1.662541110537975042e+00,1.346655060556845696e+00
7.418601160183142973e+00,4.985636041330452350e+00,6.340799044098769599e+00,-1.124546387308061057e-01,1.172035770933697041e+00
-8.279730530382435560e+00,-6.360514439684528121e+00,2.757687101905967886e+00,-1.510351375258715878e+00,-4.511837948845877078e-01
-5.076551454440933142e+00,-7.293958822629718064e+00,3.447439169141613302e+00,-9.540889599474737803e-01,-3.652533685638598149e-01
2.043666978541996926e+01,-4.227881497312204750e+00,-1.783956099666847095e+00,-3.547800913396587652e-01,-5.066214508441938547e-01
-2.505887185484656499e+00,-7.927052043934277314e+00,-4.769845418970972695e+00,1.098265559368765576e+00,1.379107009253809357e+00
-1.235764205435460283e+00,-1.745044965135239767e+00,-3.820258556939234218e+00,8.418743433660674791e-01,-8.091640665582576497e-02
-6.204925704137099984e+00,-7.034869354852467671e-01,-1.224498768365709811e+00,-3.564955798378980911e-01,3.070909191274328598e-01
8.387403904709904712e-01,8.652469111151091852e+00,2.592103318901075149e+00,2.721647372977090917e+00,-2.437791719423655135e+00
-5.653484101794427730e+00,1.596901389616932754e+01,-4.287007523346964000e+00,-1.549085238151891142e+00,1.181767793008546175e+00
7.460180982682859785e+00,4.933799299708563346e+00,6.764537190199462202e+00,2.089885119391478308e-01,8.446542595504175077e-01
-8.386758400568586680e+00,-6.653220740901686803e+00,2.906343949824708339e+00,-1.533143333580701428e+00,-5.432186761473427605e-01
-5.177661808211085237e+00,-7.538430882720230208e+00,3.300773575789154979e+00,-9.498939430848954979e-01,-3.834791856528273479e-01
2.086556003247747171e+01,-4.988046738852304429e+00,-1.462147767091516171e+00,-4.821576929956849500e-01,-2.672139930605544333e-01
-2.101828268571557690e+00,-7.118372679845710316e+00,-5.091963698234945213e+00,6.030035696409378199e-01,1.493636946197119952e+00
-8.775786368273227334e-01,-3.519357959378572320e-01,-3.719266873833363185e+00,-2.248961808169331056e-01,4.903245547255642989e-01
-6.223975797215326899e+00,-5.173850869498780591e-01,-1.697804922839849073e+00,-1.069481986294024356e+00,7.641792705685311882e-01
-2.402838077690492014e-01,5.744153734443964154e+00,2.750839222118469873e+00,2.868938022265515198e+00,-1.341207061044611626e+00
-5.353812631094569952e+00,1.203903104088331233e+01,-3.557055425059167497e+00,-8.102332460336929554e-01,8.635876260136992055e-01
5.223351516607430689e+00,5.734681760921357174e+00,7.435240517372623259e+00,3.896068144241834119e+00,4.852671454774273307e-01
-8.527412803960235266e+00,-5.949662014060457693e+00,2.277561418903218282e+00,-2.088440457640098558e+00,1.256085783216946139e-01
-5.479811428939652451e+00,-6.440612256252687295e+00,3.133435197646262438e+00,-1.642180375028009232e-01,-5.354539807122508099e-01
2.358135185777027942e+01,-3.139898703202048225e+00,-1.530985436073241557e+00,-3.010739827860739570e+00,-2.345943079547168075e+00
-2.120245998468345050e+00,-7.112992749537295545e+00,-5.146713107920676933e+00,1.012860166291723818e+00,1.319440557639786515e+00
-7.750010882640948617e-01,-4.244931253300285867e-01,-3.095455014097620250e+00,7.883506394542576512e-01,-2.771881451283459419e-01
-6.031353342375113336e+00,-1.270691990672199401e+00,-1.150714650471489575e+00,-2.968114430704292261e-01,2.301921801583922123e-01
2.335794642988379133e-01,7.095298702055382378e+00,2.212272251902151154e+00,1.143146445488351759e+00,-8.506626151125665780e-01
-4.953107794426744981e+00,1.384291078189802349e+01,-3.688312826587209603e+00,-1.740751570310680618e+00,1.127761824147290204e+00
5.300191760430964294e+00,3.363633089328401216e+00,7.114390576956290957e+00,3.120328724769274142e+00,1.575296466716456401e+00
-8.506847332439182452e+00,-6.171746044347718119e+00,2.451361259769159417e+00,-1.898462410318773497e+00,1.889239390311948583e-02
-5.243368766547605198e+00,-6.501072636828841844e+00,3.069536142924259359e+00,-3.964520526060872907e-01,-4.100968874712062617e-01
2.209615309779129078e+01,-2.820846026565729581e+00,-1.766364632474859420e+00,-1.732208499697636128e+00,-2.733635774852924527e+00
-1.907611442004566893e+00,-7.052074064956758370e+00,-5.335684012886174443e+00,1.152907833221980205e+00,1.199338842150277973e+00
-6.489075531165183763e-01,-4.239038591354614138e-01,-3.509267711670534862e+00,7.924476264295902128e-01,-7.139712960197960312e-01
-6.375507738471613450e+00,-2.340842653656885763e-01,-1.107246191146425085e+00,-9.169877192807939226e-01,5.149406315545634882e-01
-4.320520285344054551e-02,6.190957909646312984e+00,3.328541221017793372e+00,1.937554971490562217e+00,-1.469392691831820086e+00
-5.576757356218874584e+00,1.241062868525107277e+01,-2.907347376635549541e+00,-1.568172096538972715e+00,8.804585747200505130e-01
4.567482446453091427e+00,3.287788432162481733e+00,6.660880048637757511e+00,2.083032425919970176e+00,2.965104044513462878e+00
-8.481433754060683228e+00,-6.131957206925920723e+00,2.668731283234447194e+00,-1.866832235636308290e+00,4.204006893189223687e-02
-5.333388832636593690e+00,-6.113376365004717705e+00,2.963477707003331130e+00,-1.180693875941978416e-01,-5.153268727313671249e-01
2.379932943290920377e+01,-1.933979265671319059e+00,-2.762084967554645054e+00,-1.495881418011830055e+00,-2.903191301287264103e+00
-2.594136828805939210e+00,-7.885092838818863470e+00,-4.460156254372149576e+00,1.229174718986947967e+00,1.398093412010337433e+00
-9.312654217630390585e-01,-1.760639737954936335e+00,-3.157536860888001229e+00,2.057874249542236633e+00,-5.652622003533920303e-01
-6.181154140997302981e+00,-6.138630246791239031e-01,-7.434580569386456395e-01,-5.445096255834165622e-02,-9.685737039365756307e-02
3.658929495416028965e-01,9.200256621489870668e+00,1.572353083757335401e+00,6.937794699164705481e-01,-1.410481399703139571e+00
-5.459135309059490737e+00,1.511737763847582450e+01,-4.039862310738953965e+00,-1.643648989603972765e+00,8.169968009320299762e-01
7.009414864605205686e+00,3.417867501717172019e+00,6.472198398951547027e+00,8.273433297529865227e-01,1.312875612007466053e+00
-8.382773356196798531e+00,-6.420284016877928046e+00,3.028027349300714377e+00,-1.495826288517729585e+00,-3.279936689478223366e-01
-5.363740093929446395e+00,-6.798739532971156407e+00,2.903168469146919950e+00,-8.721083803459777073e-01,-3.989045052053302731e-01
2.153689733660521810e+01,-4.256882610380859688e+00,-1.574733818218761128e+00,-7.421371471726223579e-01,-7.284666803464941998e-01
-2.420602347982321323e+00,-7.288967355186541930e+00,-4.837532508430345324e+00,1.073768867822787243e+00,1.257242878938076736e+00
-9.179404233123397150e-01,-8.225901436283858947e-01,-3.503374739454442111e+00,9.883903021242448350e-01,-1.985353805741122968e-01
-5.999633391515857284e+00,3.299694335244423016e-01,-1.717036002832138530e+00,-1.425045380417509500e-01,4.171237450181211615e-01
1.090159345794921242e+00,6.986959036052289740e+00,3.020565800773193477e+00,1.981377051210740703e+00,-1.139453601257618631e+00
-5.742039993837402712e+00,1.378356678938147617e+01,-4.131210331121159207e+00,-2.086837146418031530e+00,1.712876548190090276e+00
6.230413136608222047e+00,3.353910258857771165e+00,6.904301052416563778e+00,1.305963578106990486e+00,4.750004427208560642e-01
-8.032960202016393936e+00,-6.139801948943427234e+00,2.575332573252759882e+00,-1.391104230895359395e+00,-3.315896427338592689e-01
-5.083579596222363328e+00,-6.721593775409719029e+00,3.352061923054313386e+00,-8.605112259929312835e-01,-3.479271080951057415e-01
2.087618347248352180e+01,-3.481452294647911838e+00,-1.663107767658752234e+00,-8.685426579166907191e-01,-1.844737882206445301e+00
-2.278467006473429812e+00,-7.058603374568266808e+00,-5.064324426241990196e+00,1.075092887143983988e+00,1.377682710186612924e+00
-1.147391279465973302e+00,-8.026250744542268167e-01,-3.690614181627678292e+00,4.673166109588728356e-01,6.651473264280324815e-02
-6.160190907668498639e+00,-2.732252428632399033e-01,-1.742372669621152781e+00,-7.512038897710227037e-01,7.555431288375186183e-01
1.234882286551211017e+00,6.227641373372455824e+00,3.735804525363447759e+00,3.347728019364775154e+00,-2.316400088991553474e+00
-5.674918440562108479e+00,1.353629935576313237e+01,-3.981129830094532362e+00,-2.042889157946749190e+00,1.389917336619032051e+00
6.165596661862225325e+00,4.907254643673564232e+00,6.837170741446456645e+00,1.907610568079138202e+00,6.291577642152249572e-01
-8.208405085527871847e+00,-6.283703464498411329e+00,2.517927762352535126e+00,-1.575861127150867569e+00,-2.354706281900845743e-01
-5.266877756489950713e+00,-6.929851776199422275e+00,3.432194179959092928e+00,-8.261219383173037389e-01,-2.339297468249986189e-01
2.133577152777439778e+01,-3.323186440225581073e+00,-2.044656101536172166e+00,-1.601671972360828144e+00,-1.433015208494555770e+00
-2.795585761756231413e+00,-7.212709303275802952e+00,-4.469125498023213794e+00,1.332959084928652782e+00,1.117253426078303580e+00
-8.110357019737820528e-01,-8.285023110493724419e-01,-3.881442941319050099e+00,2.257821535968599136e+00,-3.132226844402594690e-01
-6.246754667274305284e+00,-7.872134318762216143e-01,-7.173826608906178626e-01,-1.045286697234698858e-01,9.009656010601915788e-02
5.615768538465220061e-01,7.200783347661613654e+00,2.225600925724240842e+00,9.698099395512076448e-01,-1.752008305440908797e+00
-5.346786445075252914e+00,1.540748915221972304e+01,-3.953495998774747555e+00,-6.619994040820907921e-01,1.660422121048050759e-01
7.647424844044446779e+00,2.994432853029901587e+00,6.644419974690346287e+00,-1.234085343912880495e+00,1.528826381230150577e+00
-8.475395925930380159e+00,-6.695719273037231467e+00,2.953365261385326512e+00,-1.791101776899607367e+00,-1.507095189917140587e-01
-5.205004195674981737e+00,-6.794552882134006211e+00,3.140619105154283552e+00,-9.504809261351538918e-01,-4.244184720253978416e-01
2.067156099979396799e+01,-3.284008151538595044e+00,-1.942558167946571546e+00,1.816055603047398437e-01,-2.618595986209965587e-01
-2.586440823623246565e+00,-7.402494556946486171e+00,-4.562406804727084264e+00,1.270007814472620344e+00,1.105931344184509779e+00
-8.332091881088915519e-01,-9.749461336199748418e-01,-3.813678177780457368e+00,1.952834298596236584e+00,-5.155229504443493704e-01
-6.335207093383824706e+00,-3.095582881633348049e-01,-9.259145084636595247e-01,-2.776006909517788057e-01,-2.102564539861144499e-02
2.243746885485602416e-01,6.800107752958104435e+00,1.982078403950518597e+00,9.667778197576524235e-01,-1.554564698516629484e+00
-5.538124288413812657e+00,1.574391980390646140e+01,-3.855360966821236524e+00,-1.034658867765967383e+00,4.682542966932283224e-01
7.757855576840579914e+00,3.210921298610491803e+00,7.229795595735914127e+00,-2.133575023007575344e-01,1.344946611727952934e+00
-8.653831582523267230e+00,-6.683240976435313563e+00,2.932231105369241142e+00,-1.923411656606816011e+00,-1.755184815203146009e-01
-5.246037463161465908e+00,-6.741523326843178232e+00,3.026457428645423775e+00,-7.533095949787664836e-01,-6.931472474770341563e-01
2.121062017382536524e+01,-3.643185573466763305e+00,-2.013202075908661737e+00,1.271837977757587883e-02,4.064677075124766004e-02
-2.082097550763806204e+00,-7.222454768980028916e+00,-5.104151156445532855e+00,1.026724535993408960e+00,1.336573614221270523e+00
-9.653019014482869808e-01,-1.242278959997511034e+00,-3.383328817905547847e+00,3.266752828656456220e-01,-1.801589786918751379e-01
-6.075182438367007443e+00,-4.229690884958927088e-01,-1.542700622873099503e+00,-2.952690855999980379e-01,5.339485068925081679e-01
1.178056906315303687e+00,7.920853646523890568e+00,3.302903381143148742e+00,2.984539078374351728e+00,-2.195866108500275082e+00
-5.719702447059010986e+00,1.389720544200532615e+01,-3.966916622504974566e+00,-2.424755142343731240e+00,1.523175227913801999e+00
5.304220841834948352e+00,3.155675064244381822e+00,6.575525468107435323e+00,2.132591176730745719e+00,9.575526942031133970e-01
-8.221151281601850158e+00,-6.206440033279671198e+00,2.589845976569707275e+00,-1.599149040200835703e+00,-1.954832564664482908e-01
-5.275553766503159103e+00,-6.807991241832331397e+00,3.202103079680416631e+00,-7.382034637025856050e-01,-1.553870697643218168e-01
2.185671163759286628e+01,-3.071600060188163006e+00,-1.673280685771549869e+00,-1.413153342117004385e+00,-1.624354629807771344e+00
-2.064025973622364507e+00,-7.295033446379809661e+00,-5.233528968760944977e+00,9.492242060957619687e-01,1.359571878402405565e+00
-1.095733242835869703e+00,-1.420130172421312675e+00,-3.480825317291433407e+00,1.083735454802176312e-01,1.688849676667513733e-01
-6.069096335652174545e+00,-4.032225273127676979e-01,-1.566497212154058349e+00,-5.210509035733917882e-01,5.943930399521584196e-01
1.199116050603622696e+00,8.084891378361335867e+00,3.150394638174780937e+00,3.223670274658763990e+00,-2.175391167212391785e+00
-5.890267869492412878e+00,1.273429068227063254e+01,-3.648214774957465600e+00,-2.206804520354590515e+00,1.569920862600785894e+00
5.567809877396743268e+00,4.322545339558767630e+00,7.249777809952845153e+00,2.478695265168107564e+00,8.656753504996981263e-01
-8.039547571730091491e+00,-6.045223987188240500e+00,2.546831439883749049e+00,-1.447729856034492002e+00,-2.709602208050181371e-01
-5.227177132874827770e+00,-6.824296630239658157e+00,3.209892923920566243e+00,-7.712800435131139665e-01,-7.247962464294314955e-02
2.161892219820737182e+01,-3.153820636648946518e+00,-2.227830538768036384e+00,-1.813097967927265408e+00,-2.039615086461439297e+00
-2.096042660223469412e+00,-7.792478682011379831e+00,-4.981777464773765374e+00,1.243111515623991137e+00,1.155137261075223298e+00
-6.693889351815780486e-01,-1.586771727615586158e+00,-2.854070167303337957e+00,1.667077845014231396e+00,-1.051850093549164589e+00
-5.997088655988538797e+00,-2.840366755023200351e-01,-8.924330482710588486e-01,-2.431741997223864360e-01,-4.877564771143481914e-02
8.809788257376005571e-02,8.663190347492729870e+00,1.774317445656871994e+00,8.719981354325970768e-01,-1.304664058506532553e+00
-5.572032113958822919e+00,1.536965337684903155e+01,-3.872014634111080600e+00,-2.221293863569460125e+00,9.880490233999592586e-01
5.778369734450430784e+00,3.155607071778195216e+00,6.377540173370481291e+00,1.523077425412120878e+00,2.813994542051407421e+00
-8.322979861301178062e+00,-6.329276962745224999e+00,2.961362773729388831e+00,-1.435212968994405980e+00,-3.948388707012689403e-01
-5.550237214015570686e+00,-7.113911693208693876e+00,2.883380927420432727e+00,-7.290356042422766469e-01,-3.561155321360833792e-01
2.234130182364497941e+01,-4.081975055036755506e+00,-1.396306005717931287e+00,-6.765482849544157684e-01,-1.800936623922100965e+00
-2.492264651156158362e+00,-7.748517720363977013e+00,-4.678410316791726586e+00,1.530142099017946178e+00,1.351312608715044439e+00
-1.155009993931151113e+00,-1.084369986966771560e+00,-3.607210414548795097e+00,2.104858059948902405e+00,-3.151323392690565384e-01
-6.657143499062724068e+00,-2.070608248304184329e+00,-1.260429784967233291e-01,-4.014832655907299985e-01,-1.968979690155171491e-01
-1.330500654691385565e-01,7.675718764130695426e+00,1.887788056087792210e+00,1.381445872602805158e+00,-2.663227883130069529e+00
-5.977350065987634409e+00,1.498407077997914350e+01,-3.897098091072395132e+00,-2.564594705280454967e+00,1.598370735956160305e+00
7.542185320353323341e+00,3.750076441494191393e+00,6.286715839585839127e+00,-1.019561998477173798e-01,1.028508301697435012e+00
-8.613924890582140392e+00,-6.442976890195291517e+00,2.963336880747150293e+00,-1.642040861960796683e+00,-4.149514153636886249e-01
-5.660734423768175816e+00,-6.668984609348022730e+00,2.730973709049731912e+00,-7.723394927625030215e-01,-6.438474856536631208e-01
2.314729226960379549e+01,-2.394408530425789827e+00,-1.560052684560872649e+00,4.659684938725471293e-01,2.558654460633586480e-01
-2.957984016144405981e+00,-7.529990253348723073e+00,-3.943241870514047953e+00,1.727067774211627382e+00,1.109158903668843177e+00
-9.536214709625377983e-01,-1.883142998288456438e+00,-3.941945107290796724e+00,3.884394245467681195e+00,-8.753664127751850099e-01
-6.573660907053084479e+00,-1.826597303171195286e+00,4.653876552883932649e-01,3.056532885090895713e-01,-9.992578875669505534e-01
-1.127156258338523509e+00,9.208159059542150970e+00,5.625690998221911654e-01,3.910116490281163593e-01,-2.176832425128622184e+00
-6.178388575963725593e+00,1.319015893276776907e+01,-2.750213699469652440e+00,-1.383164240821901814e+00,-4.068375234407226593e-01
8.866530422648072118e+00,4.410136955779509371e+00,5.647371840083560635e+00,-2.482087280528459949e+00,9.673803410844438178e-01
-8.653589776987230309e+00,-5.840189174719553122e+00,2.948406936849371718e+00,-1.491187962196857564e+00,-4.981509891376181831e-01
-6.312936166135085791e+00,-7.161087165648877040e+00,2.106468618835475759e+00,-8.531259633924739294e-01,-5.847984896089868379e-01
2.389080674893651590e+01,-2.567448052912628675e+00,-1.094803473604494704e+00,-9.856151027682195920e-02,3.464704482904803928e+00
-2.649341683614562903e+00,-7.085825518861889272e+00,-4.328930952181488045e+00,1.891125965808482690e+00,9.959909128777387766e-01
-6.940800555119834847e-01,-1.192620573537948481e+00,-3.814665684322427364e+00,3.674900289571578771e+00,-8.960262197596461364e-01
-6.591308786988577140e+00,-1.222649176242641467e+00,9.188571738200983219e-02,-1.401423255217699448e-01,-5.724029528828868951e-01
-6.036274413032777231e-01,7.604560596778429549e+00,1.717055836223996046e+00,4.968357839983157387e-01,-2.411688207832043407e+00
-5.671678675825346794e+00,1.429679079172926137e+01,-3.052713165666749440e+00,-6.844266060688614095e-01,-5.838246363552522800e-01
7.550678681158201400e+00,3.066395091895002256e+00,5.336468044748953865e+00,-2.899504502726629074e+00,2.115443089722552461e+00
-8.671185037875822843e+00,-6.136251819139264541e+00,2.980347910855808635e+00,-1.650029580183890010e+00,-3.357779489908199189e-01
-5.890664012798207061e+00,-6.869338346610336821e+00,2.563096052136465630e+00,-8.937795953963506568e-01,-5.113827835653921294e-01
2.322120701275956733e+01,-2.461061046010613929e+00,-1.492543759176571783e+00,2.050205705191259220e-01,2.199668746785757634e+00
-2.915428795814928087e+00,-7.333965800715250616e+00,-4.431511233796258331e+00,1.462409735307746095e+00,1.327947209102361414e+00
-1.086227284278766803e+00,-1.265807308300569201e+00,-4.369725552562710114e+00,2.792441021386035782e+00,-7.930078037341220520e-02
-6.574904472401444266e+00,-1.780283083877504779e+00,-5.277205806873751237e-02,-1.178886576227201749e-01,-5.066963400838069287e-01
-2.225026944569369614e-01,8.166862290117608225e+00,1.999674799501358180e+00,1.287265230662273829e+00,-2.502927363203511835e+00
-5.611603502631443696e+00,1.544300745632294003e+01,-3.685277203478091845e+00,-4.345443813123155974e-01,4.122904936168438061e-02
8.555932318691878535e+00,3.314594003176933867e+00,6.437325725884418759e+00,-1.794094708680850969e+00,5.151065697342909200e-01
-8.684378642371648027e+00,-6.567856264131995303e+00,2.908601470176269910e+00,-1.909852872581595529e+00,-2.418642399941655086e-01
-5.590625682596098045e+00,-6.844783837389554648e+00,2.718881656242532863e+00,-8.586847844205324209e-01,-7.048081644061402473e-01
2.212973875585938899e+01,-3.131767455202617789e+00,-1.525197603898778675e+00,-4.270505827380404185e-01,2.151314059862705186e+00
-2.579924389799190809e+00,-7.316959220141314724e+00,-4.668682761282456184e+00,1.601079033947416574e+00,1.250563374594237054e+00
-1.233933552056443617e+00,-1.356406398148338521e+00,-3.839552638391696693e+00,2.335440492162281334e+00,-5.936109851231941015e-01
-6.416216709554215747e+00,-1.233276063711895354e+00,-4.775973130864268335e-01,-8.778750281403617517e-02,-4.182752439189915683e-01
-1.945463268624416861e-02,7.725257832341971387e+00,2.215913936132010154e+00,1.151417029498710276e+00,-2.240800883011363709e+00
-5.663354879702246159e+00,1.610046645415533817e+01,-3.962267171684733746e+00,-7.716939872695720570e-01,2.454611156051342558e-01
8.243477549336414967e+00,3.260622068394213979e+00,6.408694287311013760e+00,-1.219594609172440336e+00,1.220752571988766633e+00
-8.610158588073399955e+00,-6.536794153088576920e+00,2.792498985690544888e+00,-1.806899997523944146e+00,-2.610770965156243295e-01
-5.491531850248423829e+00,-7.019158618927012760e+00,2.959392610352931996e+00,-8.740677835114805116e-01,-7.497365362416434920e-01
2.177109705278375174e+01,-3.623751900874387033e+00,-1.428399935041184676e+00,-3.278926753169306152e-01,1.546723682622685780e+00
-2.309045683177327390e+00,-7.072087809682007453e+00,-4.603348764353009770e+00,1.878943118775417309e+00,9.570751470550755702e-01
-5.721037354186624402e-01,-7.637356690612089327e-01,-3.402648537514336269e+00,3.415737102073904907e+00,-1.044395021509316290e+00
-6.330012061663728318e+00,-1.084118298211598219e+00,-2.452013143672699680e-01,3.847161907373080475e-02,-6.604763481407583958e-01
-2.893479288819953976e-01,7.423350707560526729e+00,1.921960222184253775e+00,-4.176780437245645322e-02,-1.693794328275494143e+00
-5.598050773963980653e+00,1.398458696740726381e+01,-3.126611901892236034e+00,-9.587326273216117967e-01,-2.198569475819334151e-01
6.997588262402778980e+00,2.663492969551280787e+00,5.367994034057535835e+00,-2.074503235402311407e+00,2.578482452116483525e+00
-8.667346047948655041e+00,-6.329085657011098931e+00,2.905984725831378235e+00,-1.728387786262026937e+00,-2.354087991431878801e-01
-5.595762246452265387e+00,-6.771733840041953556e+00,2.682664388528039456e+00,-1.023764905245347023e+00,-4.408760924733598485e-01
2.236408021510383648e+01,-2.050669370511200462e+00,-1.500792852474348127e+00,4.940045186807008881e-01,7.592499379524940695e-01
-2.376580279710872823e+00,-7.489156453266367031e+00,-4.430734547565180925e+00,2.003719797623981780e+00,1.046496132827670067e+00
-1.049108863021384286e+00,-1.604977512162144571e+00,-3.374199075263616621e+00,3.617115008503520635e+00,-1.178783255906785676e+00
-6.316121621301311606e+00,-1.710589899319640006e+00,1.636279247725299646e-01,3.555860765541992152e-01,-1.150209583312916006e+00
-1.033807294659633502e+00,9.140304382562726815e+00,8.325583980704164277e-01,-1.314994532610175293e-01,-1.931523890429722723e+00
-6.043988863076582341e+00,1.261061181041473134e+01,-2.767045241739561678e+00,-1.553340344291447073e+00,-3.174163265890666552e-01
8.357958335362170033e+00,4.006747062016581040e+00,5.489654295265794737e+00,-1.969282213530126224e+00,1.873018179696692487e+00
-8.542070025643772269e+00,-5.819321515604062078e+00,2.989183532164440660e+00,-1.421158456268612591e+00,-5.088174961262360574e-01
-6.153676001520112848e+00,-6.920896645835338035e+00,2.273794466708431106e+00,-9.893153940352985565e-01,-6.404872778118911869e-01
2.315739461357150120e+01,-2.212721228806493023e+00,-1.176839752413251006e+00,8.817497870479765187e-02,2.807723517652250589e+00
-2.283846354089681174e+00,-8.084437235231726859e+00,-4.781101084687444214e+00,1.491792025117349318e+00,1.165064746006930330e+00
-1.080338406919545857e+00,-1.866030463350285107e+00,-3.228216284662032809e+00,1.915026837309700580e+00,-8.342012492169139648e-01
-6.279793078820348207e+00,-1.549451059591474333e+00,-4.350040742949896067e-01,5.154788090362405484e-02,-4.154340662830224851e-01
-2.754313669831516265e-01,8.842178638884416131e+00,1.528408411889113694e+00,7.565541474958401569e-01,-1.921385188445691394e+00
-5.671185279546460123e+00,1.730981376616145440e+01,-4.735797136673225438e+00,-2.577435520676360614e+00,1.161240792418127832e+00
7.088842293161953911e+00,3.563065977287523722e+00,6.519277770487462931e+00,7.133059876108914787e-01,2.148647766019799121e+00
-8.568649650168406851e+00,-6.741026860287600009e+00,3.122501164423601594e+00,-1.572931639100540124e+00,-3.915247739022877926e-01
-5.681784657623403234e+00,-7.305049951921043672e+00,2.783641833323947434e+00,-7.705113602686369800e-01,-6.290091502523658118e-01
2.275218650098904760e+01,-4.169062811951276259e+00,-7.737105998064321977e-01,-7.348358391869358290e-03,-2.833988763445700609e-01
-2.287584970758262504e+00,-7.824311647633121147e+00,-4.990995695249433872e+00,1.283490797063385314e+00,1.482080848516213134e+00
-1.115842560965251140e+00,-1.168765555031269221e+00,-3.660037602358853448e+00,1.356209327925248509e+00,-2.595261687972961751e-01
-6.587273614610219319e+00,-1.589043888772616375e+00,-6.611357935785866502e-01,-9.813722394323293186e-01,1.215451742283598924e-01
-5.277957703613018747e-01,6.666243867055858807e+00,2.079111960734199460e+00,1.893075927550229798e+00,-2.690584271125464166e+00
-6.127730498466447351e+00,1.478533788300521934e+01,-3.871982731339237205e+00,-3.072735909303072166e+00,2.135631254821369396e+00
6.915187632624602898e+00,4.141356193304607025e+00,6.628333319808935364e+00,1.579488061454429326e+00,5.331643229527822658e-01
-8.553429435355200283e+00,-6.408885216654514494e+00,2.811205394309709948e+00,-1.661550428837341720e+00,-4.339168941598878781e-01
-5.661892577243472502e+00,-6.557234896419553039e+00,2.734105939922579331e+00,-4.618592566792730225e-01,-7.384551788477741185e-01
2.394636179513556229e+01,-2.044696738854620666e+00,-1.068604792249307822e+00,6.525372025871895021e-02,-1.499390875882982699e-01
-2.452116378420241105e+00,-8.128551107390041608e+00,-4.499228878828470890e+00,1.713012123479201509e+00,1.179130101290691846e+00
-1.324374871161966949e+00,-1.581489988622449161e+00,-3.397734628934620638e+00,2.565303505379771476e+00,-1.111438863466245985e+00
-6.341750733771402970e+00,-1.492395728096328922e+00,-3.492041846978122255e-01,-1.406026001754392962e-02,-3.199330148158033849e-01
-5.510398669914992054e-01,8.693100021326797489e+00,1.265911820593967896e+00,8.869707490382434667e-01,-2.474777670361881121e+00
-5.970193573605971693e+00,1.624499150469796405e+01,-4.263507309733949313e+00,-2.108271397712684792e+00,6.322966003314627326e-01
7.907439921849796605e+00,4.177065594356901279e+00,6.026331634085654976e+00,-1.069690502120417497e+00,1.607068194676296358e+00
-8.478043671258820524e+00,-6.272213608814232622e+00,2.940725765340567399e+00,-1.459318271420958268e+00,-5.351622674610063690e-01
-5.887596765883031935e+00,-7.538615532911959960e+00,2.739050148256616524e+00,-8.923362148353203294e-01,-5.787861670050000740e-01
2.309767593924314255e+01,-4.101891154546667195e+00,-4.623443660819482881e-01,3.783902682097146086e-01,1.601603086811490995e+00
-2.274898585772397563e+00,-7.519742350491539717e+00,-5.029566457117910616e+00,1.568708763802746375e+00,1.428557949499269952e+00
-1.084151853058131776e+00,-1.083734720275428831e+00,-3.570363007637082031e+00,2.090285064341960375e+00,-6.486084700028857952e-01
-6.427733859878039802e+00,-3.367534729114015080e-01,-8.548972216911404631e-01,-5.052225021508558456e-01,-7.196400890456002009e-02
3.832438949511451365e-01,7.736701681009002129e+00,2.816298611154630205e+00,1.819141900550208302e+00,-2.757849351607658761e+00
-5.714471591802997352e+00,1.410951408693533438e+01,-3.549554050021423102e+00,-7.759938348754308324e-01,-2.788465820519336891e-02
7.243692731629666426e+00,3.499528548452707444e+00,5.876750881533499893e+00,-1.423573621052925953e+00,1.818237602125398977e+00
-8.494767684429470833e+00,-6.105231064034926547e+00,2.808651839926229243e+00,-1.737854725704287562e+00,-2.353677442706280931e-01
-5.140974815925367203e+00,-6.821927112531016135e+00,3.239724362404698521e+00,-8.163380849361829839e-01,-6.806593110909900934e-01
2.151006176428559158e+01,-3.478355596152727713e+00,-1.737044958551502205e+00,-2.191529599752328750e-01,1.175537992457249548e+00
-2.412477323243348959e+00,-7.425073692430567363e+00,-4.653777103971107998e+00,9.584145462144121330e-01,1.168433446697819678e+00
-5.672598235571322256e-01,-6.795900737962006222e-01,-3.601627499083843720e+00,5.783093118056118476e-01,-1.965095198382333513e-02
-6.020698936154907699e+00,-2.295677911772807389e-01,-1.210139471874625006e+00,-2.793641702485318845e-01,2.769438881767516403e-01
1.119901881907555907e+00,7.363391961400957086e+00,2.948025278116728209e+00,2.793108618379878116e+00,-1.852237460482369258e+00
-5.059421697665390738e+00,1.398030920588018589e+01,-3.781696886412880598e+00,-1.450908521319934641e-01,3.872610488758888025e-01
5.842484311194493074e+00,4.437832023233981182e+00,6.081850930741868666e+00,5.745453658604702252e-01,1.774812309108229069e+00
-8.154401169856063447e+00,-6.219864631690611212e+00,2.574129050078321157e+00,-1.713819456238295569e+00,-5.596943251413730169e-02
-5.136178300856517609e+00,-7.051188931962102835e+00,3.659453053500554720e+00,-7.608712974794182848e-01,-2.134542902165982581e-01
2.038805105823130859e+01,-4.176248069458363688e+00,-2.016217351095015875e+00,-2.005232066162134785e+00,-1.466138557661758934e+00
-2.072460488487326113e+00,-7.301603824083442440e+00,-4.970798289463218111e+00,8.662851875521775380e-01,1.246708111061554325e+00
-8.289303941536921849e-01,-7.397700192834409938e-01,-3.608816626351876611e+00,4.914157285588640622e-01,-1.434431410097885551e-01
-6.167837134035203839e+00,7.782995438701906243e-02,-1.211351108985881053e+00,-3.877812495973165796e-01,1.835308693340319819e-01
5.996549185102005852e-01,6.921373754816017687e+00,3.015192447659666097e+00,2.835633675795533382e+00,-1.801646078566522480e+00
-5.255452032888446645e+00,1.374144773228676897e+01,-3.466647784471774241e+00,-2.257815337600171113e-01,2.981900896692975533e-01
5.683790273904520518e+00,4.482371268399027109e+00,6.853275049530336283e+00,1.742827325725597287e+00,1.986910956178861598e+00
-8.309503545543277525e+00,-6.130209978763254242e+00,2.508899683805674741e+00,-1.816259895839658967e+00,-7.772952861566635729e-02
-5.244284250646504830e+00,-6.932200720869483135e+00,3.389583541234725939e+00,-6.341939654827867257e-01,-1.564220219187017202e-01
2.159502265333972559e+01,-4.119238166889211072e+00,-2.509336912957654153e+00,-2.872145272952393746e+00,-1.536099256133064195e+00
-2.083625482672780471e+00,-7.417525743176484276e+00,-5.176299155046995892e+00,1.474318944285958333e+00,1.345287807663751778e+00
-9.235604140975192111e-01,-1.040355793192436984e+00,-3.226405569550119701e+00,1.820323665426440085e+00,-9.652046474403437326e-01
-6.243007400699970511e+00,-3.633204637753752186e-02,-9.798463596895435890e-01,-4.753499073704571254e-01,-1.807846259544574063e-01
2.220495451683818511e-01,7.470587999738955709e+00,2.971435073408456251e+00,1.792527012843911915e+00,-2.495431819082586156e+00
-5.652090778703292351e+00,1.405496239951539295e+01,-3.466628012683508064e+00,-1.278713251219653069e+00,1.120274307508745681e-01
6.662904871711316623e+00,3.565949504691698024e+00,6.050108567701521167e+00,-2.680707704943963710e-01,2.489384537382711038e+00
-8.485690813556622913e+00,-6.142677849717430583e+00,2.784125717553340706e+00,-1.699762150119038084e+00,-2.281371811303140595e-01
-5.328420925333039015e+00,-6.861921724820319035e+00,3.108722354269833676e+00,-6.727790173382933725e-01,-4.802621027993517200e-01
2.183144139818352869e+01,-3.592686746661843955e+00,-2.065212615962983556e+00,-6.924945260144754755e-01,4.031206006097189376e-01
-2.189262571255612855e+00,-7.978772635181194062e+00,-4.943914481506473280e+00,1.585265879161784630e+00,1.184517871698397284e+00
-1.180176803211088643e+00,-1.209513628657889139e+00,-3.421649343405177568e+00,2.253974814895799650e+00,-1.131565363353865816e+00
-6.372058378169157322e+00,-1.369635777049247771e+00,-5.207682053716035098e-01,-1.487624359520370136e-02,-4.305737866640783618e-01
-4.634212155260783450e-01,8.386456637123655966e+00,1.973931152079929197e+00,1.020571989925668444e+00,-2.337192854327436731e+00
-6.080840784787744369e+00,1.461805065903383394e+01,-3.881378844395309002e+00,-2.307351732098569030e+00,6.188058196170975744e-01
7.267824133800001363e+00,4.188436603591544127e+00,6.006787631315013698e+00,-2.503142951458479093e-01,2.254281531372336556e+00
-8.526386978597237487e+00,-6.171696201344238020e+00,2.772944575321107941e+00,-1.558515540276213862e+00,-4.391620685395113410e-01
-5.738675533480799729e+00,-7.085203230723720047e+00,2.687576945983784604e+00,-7.523622838054119244e-01,-6.342223121653096651e-01
2.328299813122771766e+01,-3.378122426792748101e+00,-6.735294300212695262e-01,2.360741093799338663e-02,9.151111623623744418e-01
-2.090034337464042657e+00,-8.138820753445225264e+00,-5.157490951513298505e+00,1.065003832805656581e+00,1.389009208448921839e+00
-1.171299155790175295e+00,-1.508837122780620543e+00,-3.354595568485719159e+00,8.889063290201568712e-01,-6.017830374583779118e-01
-6.485116921861875383e+00,-1.004267219845454084e+00,-1.035806905536295286e+00,-1.020509954083120174e+00,1.698306937172156250e-01
-5.878333073884667304e-01,7.302033775701151974e+00,2.229521027645827047e+00,2.308462533469765710e+00,-2.293084593740628563e+00
-5.860132234131468998e+00,1.671232962858961812e+01,-4.574399712521607597e+00,-2.606816707389739918e+00,1.550293026720658940e+00
6.237196005811500576e+00,4.005250880586256557e+00,6.992595555704036236e+00,2.499601700853993247e+00,1.781289913676751491e+00
-8.530040389510643806e+00,-6.704264957455603913e+00,2.786174951183634896e+00,-1.781045520520407877e+00,-2.768671766642925025e-01
-5.680858760379135397e+00,-6.900719937233213308e+00,3.013718386400545235e+00,-3.507831698481622684e-01,-8.614297996637715338e-01
2.416811910071431768e+01,-3.762704294116915094e+00,-8.997167828771166498e-01,-1.002819044308142615e+00,-8.572582350364764681e-01
-2.145691543241976529e+00,-7.783854164111860818e+00,-5.091706817744411140e+00,9.831317078818587740e-01,1.483441561495439487e+00
-9.060975041031509303e-01,-4.965087719387317744e-01,-3.505835286419226815e+00,1.099744910626769601e+00,-5.368703140695364473e-01
-6.584064309392487324e+00,-1.948910996382606120e+00,-6.493527156775107390e-01,-8.455869396757667023e-01,2.174814880516424132e-01
-7.323942665036913269e-01,6.160771288474562901e+00,2.366678620244802023e+00,2.191124067072553583e+00,-2.475912971054730516e+00
-5.895933968890265220e+00,1.442166424413872328e+01,-3.571011183664698052e+00,-2.296279292704661135e+00,1.533624534553917007e+00
5.239993280465119696e+00,3.673821525750978978e+00,6.418703762167121241e+00,2.471739148586926227e+00,1.463225188615018268e+00
-8.534691541511461921e+00,-6.636634186912784727e+00,2.817030176028911370e+00,-1.770222653504161192e+00,-2.384309266787261461e-01
-5.591472847411518288e+00,-6.375970726325220994e+00,2.693560946790330313e+00,-3.693383526311747600e-01,-6.067436908334215007e-01
2.515035270058942274e+01,-1.014378212693063386e+00,-1.478067501725313981e+00,-1.464312595652345061e+00,-8.398148700795990962e-01
-2.038942670073933705e+00,-7.584054778293407573e+00,-5.196881229037578542e+00,1.585574808082294673e+00,1.221993560013782787e+00
-9.382593584143174015e-01,-1.053115457137501432e+00,-3.406446593958585733e+00,2.187546719082139823e+00,-1.230388513518065441e+00
-6.342992749772424332e+00,-7.385046925362657166e-01,-6.451626678840881590e-01,-1.504626085277446235e-01,-4.711173105765859570e-01
-5.399412659951097204e-01,7.169077881466084712e+00,2.318722808247985157e+00,5.828474287643344853e-01,-1.706658973049103079e+00
-5.763597925707500735e+00,1.510190041704839814e+01,-3.590341845046774338e+00,-1.958854089238731833e+00,5.851029938087323190e-01
6.674034087493009082e+00,3.165068521629060161e+00,6.206000806156398930e+00,2.788833363030387424e-01,2.159343905493720239e+00
-8.490551109279282471e+00,-6.209151704398621519e+00,2.878129855521128544e+00,-1.541210496754776615e+00,-4.742790121728839847e-01
-5.650035271816166826e+00,-6.803471330748434021e+00,2.536168608093699373e+00,-7.179723419023685826e-01,-7.042679697942294537e-01
2.309028626356571579e+01,-3.047748857029318525e+00,-1.100189742092186673e+00,-2.663527558081879576e-01,6.202713197946366774e-01
-2.140129710119102580e+00,-7.417991470052128555e+00,-4.925484634068364898e+00,1.436520740262609896e+00,1.096456433612960968e+00
-9.247054874568780836e-01,-5.051492525183459703e-01,-3.348521485778192641e+00,1.179949479127463396e+00,-5.316208354586051676e-01
-6.021866194232540437e+00,-4.385209794388092996e-01,-1.089225856912625856e+00,-5.084528857249881462e-02,-1.749538913449007194e-01
7.257145387924972546e-01,7.504184786805597973e+00,2.488434176287261490e+00,1.621653597689996840e+00,-1.557590643691644905e+00
-5.167298033455800521e+00,1.335491109703289148e+01,-3.271874045117077134e+00,-5.091185028268321311e-01,1.418673684805787372e-01
6.659745663067616839e+00,4.484580879490347449e+00,6.433770936368452098e+00,4.617928739661473769e-01,1.940776799564944533e+00
-8.386919084929752799e+00,-6.003057261926674215e+00,2.630296865239395654e+00,-1.704461445379612972e+00,-1.652214960272266331e-01
-5.281643805495106925e+00,-6.930333159203788895e+00,3.273338081668599742e+00,-8.658867734691458873e-01,-3.598727789794946008e-01
2.053710211382908213e+01,-4.048624640189099289e+00,-2.190734037687444236e+00,-1.569604680798126095e+00,-3.898409561566058557e-01
-2.182897198134593708e+00,-7.102825840308243599e+00,-4.983198128825105933e+00,9.895402212795325614e-01,1.267851777256585377e+00
-5.798385002997897830e-01,-8.907478105406680946e-01,-3.278704696054330014e+00,7.284422702594440802e-01,-1.517345899965899803e-01
-6.042054446363626319e+00,-6.152331654750342604e-01,-1.154486967381133100e+00,-4.167466328310195922e-01,2.237454705136021349e-01
6.099308441167444750e-01,7.262354374723687833e+00,2.306367229288508458e+00,1.761710298547961351e+00,-1.402853589332201611e+00
-4.916294808310851749e+00,1.292933181367647144e+01,-3.221871203035699960e+00,-3.023444550926504548e-01,-8.673786760525092898e-02
6.031861462684728004e+00,4.189777756312731860e+00,6.987334925167646205e+00,2.216750007272247469e+00,1.805602015466878374e+00
-8.550719395894672559e+00,-6.193716405711155559e+00,2.447377349531718593e+00,-1.989095849992057463e+00,1.485418996463335473e-01
-5.510586541116287762e+00,-6.708530982017061106e+00,3.046724940243883406e+00,-7.583457272096294499e-01,-2.447640562434996447e-01
2.114059858331834363e+01,-2.870409740660735398e+00,-2.149543448935483880e+00,-2.229910132233826836e+00,-1.559651059705855269e+00
-1.938696654375604345e+00,-7.257264389210718925e+00,-5.272380327434224689e+00,8.609758103492467507e-01,1.426828657709417136e+00
-7.497724559169722802e-01,-5.830026672585234548e-01,-3.391198145597925873e+00,4.475841997266684080e-01,-2.405944912767002675e-01
-6.141313662853889355e+00,-1.966361285129407943e-01,-1.203090115638846269e+00,-5.457796473452891650e-01,9.309810056696038449e-02
1.600022472556529851e-01,6.897463231845395448e+00,2.506528544231918065e+00,2.409484039981665493e+00,-1.769061106525924743e+00
-5.195062600249901408e+00,1.179339310854217615e+01,-2.759287874499516846e+00,-3.934810363953686330e-01,-7.131363110987005982e-02
5.502425239833832471e+00,4.706918687446552951e+00,7.083442499906483114e+00,2.634675652956810943e+00,2.239677543849740271e+00
-8.601122812436317489e+00,-5.942382792232351107e+00,2.451724212141633163e+00,-2.044736463470691490e+00,6.325402561986696870e-02
-5.551624886121595104e+00,-6.600934433232665377e+00,2.777064191286529482e+00,-5.250160453115655379e-01,-3.191781873041375506e-01
2.251516558486479269e+01,-2.817554617386926807e+00,-2.192802984396054367e+00,-2.843706510491479378e+00,-1.422710911529353695e+00
-1.856729801786459300e+00,-7.535272730067424263e+00,-5.167387114895464428e+00,1.172653122241047896e+00,1.221837459386728719e+00
-7.410561225135966490e-01,-5.981381179419996696e-01,-3.266105992878408859e+00,8.745478485769170307e-01,-7.078060598727335950e-01
-6.148726586091999735e+00,-3.681620826079123887e-01,-9.278974607273996478e-01,-2.935120410388827317e-01,-1.675516192457773279e-01
2.005250762193832859e-01,7.646134206400727606e+00,2.479354272067181508e+00,2.162281935904517116e+00,-1.916835518855906084e+00
-5.457584758140627379e+00,1.333500238482424827e+01,-3.087551179591527806e+00,-7.720517420772000650e-01,2.400494201153363927e-01
5.721998835742772904e+00,4.132086866440681128e+00,6.479784941733499615e+00,1.538202160653869832e+00,2.678245890109668181e+00
-8.421246683806181466e+00,-5.913088136666107886e+00,2.592196834610774658e+00,-1.788294758265395190e+00,-1.703192799454542605e-01
-5.451130142952480107e+00,-6.894535089146840434e+00,3.135835868037204044e+00,-6.929030830602284086e-01,-2.758321783732784471e-01
2.215395018332918298e+01,-3.804027301235366920e+00,-2.238230168355855199e+00,-2.200923442934646701e+00,-9.017881133185824405e-01
-1.780473740148634132e+00,-7.655380768907085631e+00,-5.374056293104706228e+00,1.472489397469737948e+00,1.260057927719195892e+00
-9.367463390296428827e-01,-9.492857954108239182e-01,-3.181356115804397255e+00,1.641249962394384809e+00,-1.170458170406222465e+00
-6.338419815439769067e+00,-1.299928842510449378e+00,-5.246252676829682438e-01,-3.422004359843709431e-01,-2.304851763343708781e-01
-3.984270172926916986e-01,8.050801991723165685e+00,2.236596974174263952e+00,1.130422078378609863e+00,-2.377696915513729525e+00
-5.833143707586272875e+00,1.420088307262203209e+01,-3.521128859156203994e+00,-2.135003610029414300e+00,4.955944485092927954e-01
6.058021551785045311e+00,3.410001993286582600e+00,6.349047811743917080e+00,1.012449901560938947e+00,2.927931402345675060e+00
-8.500573782116711996e+00,-6.055641836911322962e+00,2.806155361181516650e+00,-1.658415398496413617e+00,-3.815537197459810681e-01
-5.574484817542479931e+00,-6.742564107920504313e+00,2.650393428070980217e+00,-6.349554697114058177e-01,-4.647702029684919189e-01
2.330424766737115760e+01,-2.958885705971600277e+00,-1.441027039422405620e+00,-4.860364255820668888e-01,-5.861959360536619229e-02
-1.915204382668056482e+00,-7.586311417036913696e+00,-5.373197212042356341e+00,1.170986137580276365e+00,1.332307437836835584e+00
-1.071072755591585546e+00,-6.479350994932085994e-01,-3.406849552447506646e+00,9.065312632546712601e-01,-6.704002180060301130e-01
-6.683762647960161729e+00,-1.622153471403943170e+00,-6.812310487564584571e-01,-8.270130135966701213e-01,1.534884474792295173e-01
-1.172280658592161906e+00,5.926187919892448086e+00,2.564872571267305279e+00,2.259372047240571835e+00,-1.735963746469992630e+00
-5.930065511219164698e+00,1.512315461270308248e+01,-3.645971751353449974e+00,-2.210246050077827373e+00,1.482459531412791076e+00
4.932175534025436292e+00,3.433232720216257583e+00,6.943939860753340909e+00,2.969631545074998158e+00,2.622755918883139081e+00
-8.567928585652174078e+00,-6.635487005590490206e+00,2.750654452687669949e+00,-1.842901369156282776e+00,-1.631851900059586857e-01
-5.776730419955653062e+00,-6.324370585427581126e+00,2.813175281469588729e+00,-9.828639745087121293e-02,-8.354871256511373634e-01
2.618486942761352054e+01,-1.666317673859651460e+00,-1.965392601578134002e+00,-2.328074162868869479e+00,-2.185975055478874385e+00
-1.931872673484333003e+00,-7.182107482320805758e+00,-5.281951529951450119e+00,1.033890624650028789e+00,1.500847034303064431e+00
-1.105101257677412185e+00,-3.658446583294795995e-01,-3.186570414880627755e+00,8.773109376893526434e-01,-4.134647277450871905e-01
-6.810553812172258858e+00,-2.045988343681369059e+00,-5.567311717023026851e-01,-1.248749578610559574e+00,3.482337259611319458e-01
-1.081737102541687312e+00,4.978092249922247525e+00,2.802433072982145390e+00,2.868800867554046619e+00,-2.565447955032823746e+00
-5.897963875641646148e+00,1.337318125694102378e+01,-3.326113148795163621e+00,-1.560356937092458596e+00,9.228058214535448389e-01
3.628171914885463423e+00,3.864267108090320590e+00,6.009113427395818441e+00,2.990693862970080108e+00,1.854266511411107432e+00
-8.690107661320514154e+00,-6.965616757338896292e+00,2.673739413305926238e+00,-2.009993363747961226e+00,2.559637197085390392e-02
-5.688939420503229982e+00,-5.899119276723386207e+00,2.733730897040694607e+00,1.932519005616305935e-02,-6.948423581721056008e-01
2.757810388845561533e+01,2.431359034403424713e-01,-1.867650545395036055e+00,-2.970921603468693828e+00,-9.779944241496818513e-01
-1.769144578182296090e+00,-7.488442138645571511e+00,-5.424081555223658313e+00,1.400146052064254798e+00,1.208679888057122342e+00
-8.229821229661801185e-01,-4.060172931685260278e-01,-3.267368095318135435e+00,1.445004234582789149e+00,-1.112296340098127168e+00
-6.368485561426865615e+00,-9.749962817516057978e-01,-6.976368201640328337e-01,-5.308486459394644585e-01,-3.840816785531231403e-02
-4.525269184568332936e-01,7.022290258688136610e+00,2.652647519122984576e+00,1.587429465278878737e+00,-1.938227658258924624e+00
-5.690269015977794886e+00,1.518403991279713416e+01,-3.700086325838995549e+00,-1.997575341171968111e+00,9.986711660325289230e-01
5.397546965201293290e+00,2.603136404170943496e+00,6.165879101650204142e+00,1.352940304511845770e+00,2.342718615933894633e+00
-8.520407375113615345e+00,-6.314128363103398200e+00,2.780839058947388143e+00,-1.751088427326191965e+00,-2.985270478023676621e-01
-5.481106089376063473e+00,-6.537110224385592083e+00,2.777617359453074197e+00,-4.268342218241600872e-01,-5.900179045722894200e-01
2.370737469629835203e+01,-3.088772274601525591e+00,-1.287810242628829815e+00,-1.079173420175981502e+00,-5.725925514365197699e-01
-1.927950433718936152e+00,-7.457524365327698135e+00,-5.130110664278323185e+00,1.558970595548296423e+00,1.233979431150482586e+00
-9.230472029106843168e-01,-1.021864961259753235e+00,-3.042846257987232850e+00,1.772711380064409203e+00,-1.068552518753506542e+00
-6.092081608056673758e+00,-7.445446254971329614e-01,-6.628078664395490316e-01,1.122358286823889745e-01,-3.650796425460445249e-01
2.877060862554513543e-01,8.718706300396004139e+00,1.957729389304156742e+00,6.605461976924670298e-01,-1.533386765328940804e+00
-5.220570697371728741e+00,1.405603504760650146e+01,-3.337176268801384182e+00,-1.285348402274836266e+00,2.745673009163907552e-01
6.425006769161791809e+00,3.112280318343934038e+00,6.359998760517060923e+00,1.015994408684241623e+00,2.125833738910663850e+00
-8.421694374939347583e+00,-5.941322487832651156e+00,2.778983832906543050e+00,-1.570691948592797260e+00,-3.728908270726117857e-01
-5.444468339669088053e+00,-6.980811427181310869e+00,3.069399337379357551e+00,-1.019528976464912029e+00,-3.535503226489261075e-01
2.131709980124921344e+01,-3.740953799247898726e+00,-1.993170262600622467e+00,-1.244889083339256519e+00,5.907960537249487554e-02
-2.104530188504621258e+00,-7.624736883734073878e+00,-5.125517521832360757e+00,1.042678878997936209e+00,1.448962340653357161e+00
-9.212161685159657720e-01,-1.135901135951949081e+00,-3.516439347646632907e+00,1.045664792056163750e-01,9.579373559691763129e-02
-6.128164294485226371e+00,-1.003868084647108194e+00,-1.093064392265768348e+00,-5.540511504035955381e-01,2.379073034324503400e-01
6.486794487385424968e-02,7.537431708536092678e+00,1.961741109937174432e+00,1.829076500256382021e+00,-1.870047613464560721e+00
-5.136956017627718474e+00,1.289800365844896213e+01,-3.022975004062697035e+00,-8.701363559327218722e-01,4.704398481629204487e-01
6.487044329438497847e+00,5.385781019844841921e+00,7.168998241350520217e+00,2.667401537242430010e+00,1.405948250635475683e+00
-8.678449349141326152e+00,-6.123455401834414502e+00,2.453092636186194664e+00,-2.155469697793734429e+00,-4.203284453615729020e-03
-5.648236215850969799e+00,-6.793899083897371405e+00,2.941415130045741400e+00,-7.340193487232993252e-01,-4.726710416961671379e-01
2.206563995981347404e+01,-3.139355796764982554e+00,-1.767250851712169446e+00,-1.330046842849015309e+00,-1.312129538866775080e+00
-1.862339504963205883e+00,-7.620622300329914722e+00,-5.240391779342223444e+00,9.526024570906942435e-01,1.490687178789842138e+00
-9.341591288083221922e-01,-1.284472778600218579e+00,-3.495262963418415580e+00,-3.366007401397936877e-03,4.331750592797647265e-02
-6.286975034694510356e+00,-8.079035828322979063e-01,-9.926909638640573075e-01,-7.969867941685588875e-01,2.666288477664753298e-01
-3.496444148453581313e-01,7.320265774991934649e+00,1.845287482434482040e+00,2.174304107073069314e+00,-1.869218873426915950e+00
-5.105520179947701465e+00,1.249731599051988340e+01,-2.838833635614678386e+00,-3.821269989178964210e-01,-2.446846971509021029e-01
6.105988934083910635e+00,5.848440109560666400e+00,7.398159347433368893e+00,3.099329542978545682e+00,1.808991177217726731e+00
-8.620349321769751327e+00,-6.125220314837382496e+00,2.461164910242959358e+00,-2.154901337012857798e+00,1.023010778346152699e-01
-5.735992360850715954e+00,-6.837219843201136626e+00,2.707963578083882439e+00,-6.266882575804053612e-01,-2.926680090767135867e-01
2.278899101179565534e+01,-2.990583055271532675e+00,-1.845395975955313794e+00,-2.262166712061194573e+00,-1.305354207882106321e+00
-1.763845134134826242e+00,-7.570079776438758401e+00,-5.279571693427882018e+00,1.316280056082725691e+00,1.124044398214025131e+00
-8.687964000477819138e-01,-1.168964535693495010e+00,-3.056976201933994997e+00,1.166443926965971212e+00,-9.982938009899973153e-01
-6.117976823102875272e+00,-7.091787798372146678e-01,-6.816461943137179791e-01,-8.026260550023626983e-02,-2.083033936869489455e-01
-1.062211819613436969e-01,8.300941865305359713e+00,2.284369726344428919e+00,1.240586407410792624e+00,-1.774971442825526768e+00
-5.504229621063939426e+00,1.319983686928576638e+01,-3.084429120508556554e+00,-1.590168959631644618e+00,3.782557516719413648e-01
5.492049035094405340e+00,4.102383957909639278e+00,6.329525683950553372e+00,2.040295666214074544e+00,2.847956307259003506e+00
-8.305839219649126193e+00,-5.849997544501610136e+00,2.686978708638902980e+00,-1.514571007740484365e+00,-3.703383031149589111e-01
-5.553581379444994859e+00,-6.987567847794054821e+00,2.852314832842097747e+00,-7.420385895997715364e-01,-1.872997362694219792e-01
2.272844072431049511e+01,-3.317374208235633226e+00,-2.050565741591825919e+00,-1.836564894201427878e+00,-8.110497802581148052e-01
-1.759708095273569084e+00,-7.266771174349904605e+00,-5.434934154140483642e+00,1.365506942788661471e+00,1.078428433978971812e+00
-6.641437641423145744e-01,-5.187627674621633211e-01,-3.209183921978253196e+00,1.450756848030334556e+00,-1.251481546465962547e+00
-6.314547871863953610e+00,-1.193975954520910099e+00,-6.073845315148118651e-01,-4.564063760479070142e-01,-3.098461597358952071e-03
-4.791353854490615904e-01,6.886789034407999388e+00,2.747355590521141977e+00,1.494493532498032184e+00,-1.492879962426706619e+00
-5.780135347433904336e+00,1.424811392673932886e+01,-3.164094596675141258e+00,-2.390335198478620082e+00,1.024059279195720151e+00
4.926841993018091337e+00,2.920189280330404369e+00,6.096958177501770493e+00,1.936099331954269864e+00,3.319050593071378064e+00
-8.480431869461748207e+00,-6.145153931640789047e+00,2.772154608397934261e+00,-1.673897160069662604e+00,-2.737770795018674153e-01
-5.609177791091201293e+00,-6.599298400585875690e+00,2.736478028824099518e+00,-4.545382653053396949e-01,-4.856852153374290881e-01
2.416043813169765997e+01,-2.331130012918088301e+00,-1.937349200936254290e+00,-1.271679655369769568e+00,-1.914616040916745421e+00
-1.789117825456225663e+00,-6.853478533803659900e+00,-5.529758916530469470e+00,1.319832521243324397e+00,1.139541650220522673e+00
-1.087214785165647291e+00,1.405047099197846427e-01,-3.569067536165271726e+00,1.362070544383673809e+00,-7.783579685355046518e-01
-6.890501886372268459e+00,-1.762367753648355295e+00,-4.511918521370793522e-01,-1.165783720377387533e+00,4.597204473594947993e-01
-1.719659436069715719e+00,4.420447880984593958e+00,3.215729061455849358e+00,2.627952102165744375e+00,-1.301745799157089101e+00
-6.248187204504219494e+00,1.305432357004223931e+01,-3.009438839188984804e+00,-1.859730206295779231e+00,1.873145795202432407e+00
3.272451612641880558e+00,3.443627972408474402e+00,6.631624914276663674e+00,3.107997507397865178e+00,2.597139450088254531e+00
-8.653338108467359291e+00,-6.788500128084653085e+00,2.651107895372354584e+00,-1.932576225088808775e+00,-1.803540468033344030e-02
-5.752056834050225831e+00,-5.885018302981836591e+00,2.663837721247935608e+00,1.944790933910432174e-01,-8.916098464053572314e-01
2.886762446744377542e+01,2.304605851634131120e-01,-2.602842448331000647e+00,-3.654241616819683180e+00,-3.079798324092416717e+00
-2.125732919756075034e+00,-7.036247805015940493e+00,-5.128407476933274367e+00,1.057039994336961497e+00,1.331793127266913013e+00
-9.823898869716588544e-01,-7.973091567992099393e-03,-3.491639461736583350e+00,1.444378776485072846e+00,-5.451804545265988011e-01
-6.903790092476910445e+00,-2.534760086740512897e+00,-3.719782939322958670e-01,-1.059725782822382278e+00,4.172321000775203181e-01
-1.688517290101545054e+00,4.755042290695084439e+00,2.672145412796190556e+00,2.071382264770586623e+00,-2.115055253707864846e+00
-5.777483258455980319e+00,1.267831522370968855e+01,-2.909884826608021058e+00,-5.820567676718929606e-01,-1.348725141870535660e-01
3.533274488926954060e+00,4.045619568842560021e+00,6.283664582473548421e+00,2.682319764130269402e+00,1.944160390324944698e+00
-8.772576307562417242e+00,-6.907614314758424356e+00,2.782514298700662358e+00,-2.084573762844113887e+00,7.816976287421630032e-02
-5.863812043660540319e+00,-5.658140940525385965e+00,2.404561532826691383e+00,-1.581182664177575026e-01,-7.869804472387783578e-01
2.858102731005817176e+01,6.657591553609182311e-01,-2.240975767586914635e+00,-3.370646219966744184e+00,-1.892667108832931655e-01
-1.529716264738007370e+00,-7.005681263207362619e+00,-5.698091819532871583e+00,1.316245691672661478e+00,1.302372352249318688e+00
-7.592854802742016185e-01,-2.502619208008629581e-01,-3.492436798584892088e+00,7.579688099313367511e-01,-6.728299211207188213e-01
-6.624432623205739112e+00,-9.881246386446305152e-01,-7.893864783880214508e-01,-1.174063866943411139e+00,3.692359732268656325e-01
-8.808329112243479253e-01,5.425556785433333751e+00,3.338176229025082264e+00,2.405693687981450779e+00,-1.927316389950037179e+00
-5.803201596157690823e+00,1.374545897666695282e+01,-3.042557520986381991e+00,-1.678326420811032449e+00,1.368638903987036581e+00
3.827464444376953878e+00,3.264320355163720322e+00,6.085892677925626160e+00,2.339143499306221230e+00,2.118576683571802732e+00
-8.696279135726742382e+00,-6.379424269774272460e+00,2.688110182617466037e+00,-2.043062336669294599e+00,-1.674523490506311107e-01
-5.382351484732766700e+00,-6.285874301028083977e+00,2.879569347475272156e+00,-1.809399214298365588e-02,-6.534863106694173140e-01
2.584863505168254605e+01,-1.525969723808795919e+00,-1.969275819551280282e+00,-1.905505072324951366e+00,-1.737738942244215101e+00
-2.080579251373585237e+00,-7.748984411263863947e+00,-5.019324317327039431e+00,1.379614178298680827e+00,1.213142898533774883e+00
-1.040390432260055231e+00,-1.513391623347484449e+00,-2.955239492927926648e+00,1.602234010363940087e+00,-9.145923091493048940e-01
-6.156990526615151893e+00,-7.871751930521379004e-01,-1.041077669552179286e+00,-3.890862657779830536e-01,-7.291031925231274136e-02
1.346520447866416392e-01,8.713221070837320781e+00,1.966364891142508675e+00,1.391932489522628602e+00,-1.544898354152025588e+00
-5.784237631308863925e+00,1.520361149503215614e+01,-3.971017632282059395e+00,-2.289603660602462565e+00,1.207814690248360190e+00
5.801650767981041845e+00,3.076765431955672980e+00,6.235317081686909013e+00,1.656933675308730702e+00,2.159551680939959084e+00
-8.430592272360540207e+00,-6.230541629319684915e+00,2.846597040443706206e+00,-1.517571209412244881e+00,-4.432896091854805487e-01
-5.407869290986164756e+00,-7.005190791933430638e+00,3.138216548857628130e+00,-6.182258194209042657e-01,-4.373505747787966857e-01
2.296435659213667790e+01,-3.708314348908550162e+00,-1.199836450041549707e+00,-1.216227398280388394e+00,-1.167468103204174934e+00
-2.290664435513406705e+00,-8.030991581488303055e+00,-4.821487766332031910e+00,1.282530704208125760e+00,1.176313486081965731e+00
-1.282753761371713264e+00,-2.053144629814668498e+00,-3.203041563264621860e+00,1.550539482008807868e+00,-7.563446276969320037e-01
-6.109199627540254696e+00,-1.164027309538080202e+00,-8.078024024301269090e-01,-8.228074746382831040e-02,-1.492019798575458245e-01
-7.127131020237323367e-02,9.014921937688955111e+00,1.165167457060968692e+00,8.469976440571421739e-01,-1.299202557007990144e+00
-5.524010196175547449e+00,1.539130170766185657e+01,-4.146451775060119083e+00,-1.817657432165215248e+00,5.668806014462424159e-01
7.175666555177721229e+00,4.443930953206280066e+00,7.183810848421895656e+00,1.822751064742994753e+00,2.166526208238294782e+00
-8.506412614986235354e+00,-6.447963449605311759e+00,2.912513129762899222e+00,-1.576509505351859630e+00,-3.540987472432591265e-01
-5.717967060072601804e+00,-7.355530390683138187e+00,2.860460155239946456e+00,-8.637882535887134727e-01,-3.668889701833510375e-01
2.232661245068441147e+01,-3.798497237427593376e+00,-1.143168083398807156e+00,-1.162582956447454574e+00,-9.839834137774260414e-01
-1.937812878542601647e+00,-7.952498705368665988e+00,-5.183181770063957750e+00,1.342051188345660284e+00,1.224125439253089809e+00
-1.349548996032083892e+00,-1.761166066820278875e+00,-3.216320139552008683e+00,1.281375963576357746e+00,-7.483226932640827389e-01
-6.267618239901270982e+00,-7.978817700622237163e-01,-7.207619109939729096e-01,-4.780912753609906085e-01,-5.597145902345644630e-02
-4.190175075703727603e-01,7.583732321515198826e+00,1.668995479751594679e+00,1.217118789600003304e+00,-1.433186052383703224e+00
-5.597300035970856236e+00,1.388502688797527895e+01,-3.602489091728482862e+00,-1.864374982465184738e+00,6.448930299453298209e-01
6.915503112199830937e+00,5.717011589911806801e+00,7.156113919396174694e+00,2.146021251842683331e+00,2.219421216682502251e+00
-8.504679989625980596e+00,-6.250075028479425754e+00,2.857755389783807054e+00,-1.608828264743386249e+00,-2.632221953066392617e-01
-5.891903276540017664e+00,-7.245473551253883038e+00,2.618002928519854944e+00,-7.739726491950794651e-01,-4.350355948501788972e-01
2.305237781198334801e+01,-3.178675677417809542e+00,-1.578114805113006280e+00,-1.261300021600061605e+00,-1.152701691052859134e+00
-1.771274073929537840e+00,-7.658939068434627018e+00,-5.326224565667466493e+00,1.409336272041447069e+00,1.043604227156856412e+00
-9.467637505505379636e-01,-1.313766913471481113e+00,-2.979277024637655646e+00,1.576988680803344867e+00,-1.340113843146802264e+00
-6.238636496211753979e+00,-1.354497725366610839e+00,-7.563888745302974614e-01,-5.805014583339603851e-01,1.316853605678208472e-01
-3.140108664983888298e-01,8.306438765675849822e+00,2.315411556762441592e+00,1.000045297150266244e+00,-1.020122323497133721e+00
-5.788798315701169983e+00,1.447709817674831356e+01,-3.643795842499011783e+00,-2.699907648169376895e+00,1.743231631699815321e+00
5.165709156074160369e+00,3.216530498195623089e+00,6.255809640297025354e+00,2.293881928391902747e+00,2.831492070638518488e+00
-8.371129301370407561e+00,-6.228702704858358530e+00,2.828011022529424157e+00,-1.459595805774648758e+00,-4.227862646017530035e-01
-5.694951131613788853e+00,-6.896134083233876666e+00,2.892963153665238707e+00,-6.077595965402767808e-01,-3.436032151058756035e-01
2.395985477980141809e+01,-2.548026945254828757e+00,-1.586509065919695649e+00,-9.324876695686986627e-01,-2.623387643711443395e+00
-1.559652002163696149e+00,-6.894300731326216791e+00,-5.672520582890497209e+00,1.264353789254966554e+00,1.094324621928066676e+00
-7.922070693246405781e-01,1.116490226873289165e-01,-3.460864031541881936e+00,1.047049292235664675e+00,-9.088294410697366210e-01
-6.625242287640605632e+00,-1.478579807244983613e+00,-7.051513540524070311e-01,-1.188064046053548761e+00,5.866184772766998012e-01
-1.246996993220674366e+00,5.197008627090038857e+00,3.393902551905167098e+00,2.380651559337413570e+00,-1.271837587642109080e+00
-6.113339353982353508e+00,1.247448825074077838e+01,-2.715777280157482210e+00,-1.985006622995542314e+00,1.845368016699116875e+00
3.538819485138861687e+00,3.556126747007990918e+00,6.157340651237641183e+00,2.715585675533949139e+00,2.883831753883027815e+00
-8.580062896170549180e+00,-6.471912065732806418e+00,2.637686180056129093e+00,-1.948097625277255274e+00,-4.156841121007430473e-02
-5.594721022263040133e+00,-5.928507046714797113e+00,2.788794614429773056e+00,1.723814468308562942e-01,-8.225942294745421934e-01
2.697340213962670319e+01,-5.659729965073262425e-01,-2.423410748986442709e+00,-2.458853468866504244e+00,-3.365313200390448678e+00
-1.901658113563620800e+00,-6.601349473463849371e+00,-5.573792909683233709e+00,1.418736211978995243e+00,1.157291483686795353e+00
-1.300705024180204283e+00,5.095253087998855568e-01,-3.539754028119363571e+00,1.840261113795342185e+00,-8.138928296511062088e-01
-6.973219081475987124e+00,-2.404092800414831199e+00,-2.660932607448249221e-01,-1.184759228879272541e+00,7.326363967795873622e-01
-2.150674612635790517e+00,3.843830121379069542e+00,3.213789981866494117e+00,2.172930316061933986e+00,-1.240753029017101383e+00
-6.338025507973170214e+00,1.115192783524400433e+01,-2.324337349257184826e+00,-1.552847173238647294e+00,1.565696772784933133e+00
3.021251703399649990e+00,4.079983572499951805e+00,6.563310474144458340e+00,2.952131362041431117e+00,2.434961559695260735e+00
-8.784850491074228884e+00,-6.777913128646326335e+00,2.710113780438468289e+00,-2.075960921768163825e+00,1.247755180791729895e-01
-5.950299881672272306e+00,-5.257916523096276329e+00,2.470512632503401473e+00,2.910068460318216421e-01,-1.101372800171691813e+00
3.037818100917562347e+01,1.456005087698371891e+00,-3.253749321148207585e+00,-3.861498526023441791e+00,-2.859343072185847046e+00
