-1.787856332889443400e-01,-4.364603181829134759e-01,-1.305889276333353222e-01,-8.862086185230809432e-02,-2.418970019747515923e-02
1.876290314937790679e-02,-2.119063225219136593e-01,-2.506323381557927221e-01,-1.541873562463718164e-02,-6.357344630685470011e-02
-2.458935927153879375e-01,-1.327240824972370226e-01,-9.016626156520425595e-02,-9.724465793073738817e-02,1.418635573293012264e-01
3.727899802455217956e-03,4.453276780574516036e-01,1.461652318782658000e-01,2.543095259100736083e-01,-4.044039384326848091e-02
-2.677790851110437020e-01,1.278404977985870161e+00,-2.621661541421616559e-01,-1.478108826697567824e-01,2.882093049954557052e-03
3.130084522539094971e-01,2.885821947730245196e-02,2.049269318674138696e-01,1.423058460415015658e-01,5.070355125036686561e-02
-4.041672505037516294e-01,-3.917075416591979109e-01,2.095309643729131033e-01,-3.589945768590922098e-02,-6.401510566121454415e-02
-2.729578408835254821e-01,-3.880160865972416828e-01,1.702438358872661595e-01,-7.212690025417171913e-02,-1.397034912756689971e-02
1.034084147296912004e+00,-1.917765240621207290e-01,2.686717490624125886e-03,6.050612406594417514e-02,1.073979350675549095e-02
-1.152546877684021975e-01,-4.049642946541816002e-01,-2.110294171875344293e-01,1.323716265418793843e-02,-6.109717635730223251e-02
-5.735776980509630502e-02,-9.572622131724783934e-02,-2.196484539188506557e-01,-1.830764504064912772e-03,1.583029221366316630e-01
-3.265321296415766850e-01,-1.521275850419707421e-01,2.733762514150184925e-02,5.380535895323992901e-02,8.391541263573495946e-02
-1.399116754855217193e-01,2.903807999462283407e-01,2.089621237427135431e-02,3.558832263307783184e-02,-5.266201980751728656e-02
-3.151368023664352647e-01,5.205537459324750538e-01,-1.132614103911265130e-01,1.834058655905497215e-01,-1.294168844073040614e-01
4.612028270199678426e-01,3.303410023817666130e-01,2.555417085112377529e-01,-7.483351256705972343e-02,-9.957440463983041612e-02
-4.567399020787208386e-01,-2.649975054718458067e-01,2.260222122216870855e-01,-4.663884946673611809e-02,-8.160490201234677637e-03
-3.539876055177224590e-01,-3.321288871827156042e-01,1.705507409590525103e-01,-6.846544861693951156e-02,-1.158029578598794573e-02
1.303717745643507619e+00,1.086689454074918348e-01,-1.564092177102384129e-01,-9.426813467625554110e-02,1.202729364268101259e-01
-7.890976013134919087e-02,-3.798301144405037411e-01,-2.789663001319879210e-01,-4.672408673908781673e-02,4.824327603107602530e-02
-1.114604748790667121e-01,-1.605736570467155566e-01,-2.538186486451656787e-01,-3.084706708883065349e-02,-1.315988641879134620e-02
-2.775345073697843556e-01,-1.773376668501982778e-01,-1.415921797211703095e-02,-5.118507639220647859e-02,4.627346204388153861e-02
-1.029021673529149916e-01,3.667308357290993692e-01,-2.236491138306836296e-02,6.827427022721190009e-02,8.046189916157742150e-02
-4.548626011807188063e-01,6.333696731540140457e-01,-3.582275633086412503e-02,3.128206854182892793e-01,-2.105656264249670673e-01
5.092648072733121367e-01,2.300143087880892889e-01,2.672112274012741762e-01,1.609921081280480445e-03,-5.481732619488443453e-02
-4.723479513819437980e-01,-2.096477362387183518e-01,2.345732882181175705e-01,-1.170237911813004905e-01,2.568070746830972487e-02
-3.425713418667019616e-01,-2.350532609292026731e-01,9.890079954575416166e-02,-2.145530864409581420e-02,1.151212059438676272e-02
1.331323996889167249e+00,-6.767238216586386745e-02,4.446519298057378597e-03,-1.154695466812607069e-01,6.637137373941164042e-02
-1.055384037776058437e-01,-4.280519249586151043e-01,-2.188905502400843583e-01,-1.538065970154691986e-01,-1.626789057866947575e-03
-5.956154081889874358e-02,-1.618476764951560509e-01,-2.208301449068031386e-01,-4.680699745578137394e-02,2.241537640530965048e-01
-3.768277288280458270e-01,-9.983859324169022664e-02,1.306262053266917522e-01,-3.033283594751781317e-02,9.754691202835567843e-02
-1.481873262187370088e-01,5.746722378173376722e-01,-1.094925401347179722e-01,3.096035321495864689e-01,-3.159337433939362616e-01
-2.855507833535186890e-01,5.802266717004170848e-01,-1.535276317638017141e-01,2.099030000581309230e-01,-2.082045842684128178e-01
4.199985419209221749e-01,1.437556985111879959e-01,3.039277671173460926e-01,-4.124157919857955601e-02,-3.741759797456190029e-02
-4.450851285866879725e-01,-2.521888913513614106e-01,2.140105802284637260e-01,-7.762127077986206991e-02,8.837287943481672570e-02
-3.501457770275852588e-01,-2.933274129205962755e-01,1.080132334028037072e-01,-1.393365373340218517e-02,-6.565083954158784652e-02
1.350898146690156620e+00,-6.340010906152378223e-02,-5.383691902989740791e-02,-1.557635980771052975e-01,2.187599987200973817e-01
-1.288713426824875385e-01,-4.243397773466477951e-01,-2.171002163128506468e-01,1.507412920472174164e-02,-4.802694599346011770e-03
-6.891487946448168755e-02,-1.796588845688348590e-01,-2.019974736152745920e-01,1.323238604349726011e-02,8.337413584605178618e-02
-3.224159409093243500e-01,-1.901529200744241921e-01,1.007890514053230019e-02,-1.778753623215865998e-02,-3.616346045221583306e-03
-2.250090435735626337e-01,4.688429491587812192e-01,2.745561007396316294e-03,3.001976961856438891e-02,-2.344203730060396076e-02
-2.898971363253742828e-01,7.038778774383888104e-01,-2.561600205127915197e-01,1.144857355986366454e-01,-1.278849398033450879e-01
5.535841649275309306e-01,3.460771735807419702e-01,1.659303437769449052e-01,4.229114209166204286e-03,8.676715677085423961e-03
-4.613745177608132297e-01,-3.081709447047350503e-01,2.428548862629187066e-01,-1.144450861311638173e-01,-2.315036614616827401e-03
-4.025712341231637015e-01,-3.509677856435307053e-01,2.007330107527331431e-01,-8.479730442008319435e-02,-8.512288450287171931e-03
1.345469929911676354e+00,-6.550768783973910658e-02,5.291500350039152201e-02,3.998879210881928908e-02,7.852249129028364416e-02
-1.295973444100878558e-01,-3.531572298007427113e-01,-2.292713913215020660e-01,-2.119275649002703987e-02,-2.430010708333144986e-03
-1.103233415136636170e-01,-9.684433954659660282e-02,-1.634036834923454085e-01,4.110025904262578494e-02,1.247494745646436920e-01
-3.581539595738586490e-01,-6.199308691308502706e-02,5.056907111262407689e-02,1.419069135824524777e-02,-1.919501358651286294e-02
-1.145429407082922540e-01,7.541584956092599323e-02,2.510743567894282643e-02,-9.992864118683919203e-03,4.261379074068932793e-02
-3.549230968100802186e-01,1.924820249567845698e-01,-4.745181158907381402e-02,5.646133392855379185e-01,-1.079673127112052849e-01
4.456149775310018768e-01,5.654379838812877423e-01,2.754616488715413980e-01,-1.546844989789598890e-01,-1.678168993663037289e-01
-4.573573996982029377e-01,-3.115364995858879160e-01,2.204859497262235402e-01,-8.067499260425206598e-02,-1.111797723634614654e-01
-3.242492988466224024e-01,-2.413520465816823557e-01,7.858960161985360793e-02,-7.310143103898576744e-02,2.311753563772587020e-02
1.403532404029806058e+00,2.315473440289960994e-01,-2.100868206062639632e-01,-2.802577464555007225e-01,2.181082077927577745e-01
-1.709634361082376652e-01,-3.119416669593589320e-01,-1.461928428346856434e-01,-6.935307506849244796e-02,2.585486779141773703e-02
-7.087543789875452860e-02,-1.108892823263016997e-01,-1.933316865721840527e-01,2.410302562037041907e-01,1.187768450754296545e-01
-3.991444150872930918e-01,-2.080255844043144842e-01,9.969946966630283125e-02,1.027994619951230204e-01,4.097992656825190372e-02
-1.937966163102919359e-02,3.240817091508154668e-01,-1.410078027862508576e-01,-2.588722258870527204e-01,-3.091258236538259319e-02
-3.999943656598174968e-01,3.877054286848181097e-01,-4.511504179482341698e-02,1.029330818164368583e-01,-1.992877339727327501e-01
4.658162199955790950e-01,5.153495745789190563e-01,2.309128407486393531e-01,-8.116525636273054511e-02,-7.665955354582823511e-02
-4.364231216973588068e-01,-3.355310853056828191e-01,2.615707865497464146e-01,-2.452674885195770677e-02,-8.617533785309321182e-03
-3.204927138296695399e-01,-2.630449978610252537e-01,1.712003609209071129e-03,7.182943650115243550e-02,-2.118866584765972255e-02
1.351456931916580562e+00,2.295904442131004638e-03,-6.824772658595383568e-02,-8.467493034618343850e-02,1.510544300818131846e-01
-1.355204452074124655e-01,-4.839904457076704136e-01,-1.836655083620338524e-01,-7.071701761286047772e-02,-1.888963763410334007e-02
-1.662946792760762182e-01,-1.170499428584042823e-01,-1.117097441642748989e-01,2.773147573663949927e-01,-4.882249701766101790e-02
-2.863361024333592741e-01,-1.172167138660488300e-01,-3.393383649385076778e-02,1.083408855163609519e-01,4.979642906477788067e-02
5.174673797712410483e-02,4.476756391614534203e-01,-1.407485737150570779e-02,-1.514006928191832246e-01,5.555804903499953623e-02
-1.905081835182049210e-01,1.058505472748309861e+00,-3.408606883122480280e-01,-2.595830694369742342e-01,-2.055662708757222817e-02
4.044826920325592101e-01,1.465821552843243614e-01,3.355011724604634593e-01,-2.868019203683885854e-01,2.125718297954390379e-01
-4.539527238909094042e-01,-3.839927452606659020e-01,2.201584631801414838e-01,2.522636802840632839e-02,-8.762790882775499390e-02
-2.981674695945756848e-01,-3.299267740629516776e-01,2.466837563125457711e-01,1.404712402945219041e-01,-5.028160612440571442e-02
1.074550173910854278e+00,-2.205866454383466624e-01,-1.180987572492371018e-01,2.171494490317218973e-01,-9.174803120371921583e-02
-1.483361689261987193e-01,-3.362626800966149743e-01,-2.221011742463545879e-01,6.845944143543716831e-02,-4.772563265136427896e-02
-2.475196838324182289e-02,-1.391294054923858381e-01,-3.164883863741040915e-01,-4.313857008722660202e-02,1.249598548364924504e-02
-3.067709335125147208e-01,-3.986283009289092599e-02,-4.122077927656563057e-02,-1.672144335816302119e-01,-4.442795282782300431e-02
-5.130957971719390942e-02,1.839735242342467880e-01,1.260425565936987846e-01,9.078433831353818761e-02,2.662359436341211194e-01
-2.868797147774582723e-01,6.487365470518751120e-01,-1.746140483998142590e-01,-2.105621405072754526e-01,4.118990229927098345e-02
4.178743461962278194e-01,4.064484410716462381e-01,3.850530953639946796e-01,2.694775828090948400e-01,-1.432584225521415788e-01
-4.312906004273790450e-01,-3.270516482164653183e-01,1.961901993560931923e-01,-9.558896173137931829e-02,-4.031255609471692813e-02
-2.295489418467064613e-01,-2.660881926265278863e-01,5.787122368346237639e-02,2.513826595932576458e-02,2.994150781767897923e-02
1.061013561394464677e+00,-1.307637558328826055e-01,-1.073268670041025927e-02,6.264447739011515248e-02,-7.413877510867485088e-02
-8.567633324626586222e-02,-3.916738312468174832e-01,-2.983448085961858953e-01,-4.798189180989131247e-03,-4.354697088709077318e-02
-1.640385207072265483e-01,7.030698430018716971e-02,-1.243186468884280860e-01,-8.047317502819320567e-02,8.711977732424228127e-02
-3.196644097685994446e-01,-1.730189525142512008e-01,1.998937215887087657e-02,-3.187079680486608335e-02,1.301877512211107035e-01
9.360140968465305300e-02,4.821094879876815509e-01,-1.653181189763452963e-01,9.383589027375595359e-02,-3.725975748036246954e-03
-2.326725306028755158e-01,5.777215527512414850e-01,-1.049754614978226225e-01,2.230723061592437551e-01,5.796556762026416378e-03
4.298805400509604913e-01,2.410961186765994413e-01,3.212196891129868170e-01,-7.180620644352235515e-02,-2.093864885448444221e-02
-4.570192583460784830e-01,-2.773654923670044736e-01,1.882276966422022080e-01,-4.514003537359720375e-02,-2.964070775568475660e-02
-2.214138264306928783e-01,-3.152014527375875952e-01,9.820678721169279202e-02,-3.515686090009526726e-02,-4.002277110520239406e-02
9.570029293661249659e-01,-2.139744148500488663e-01,6.531349083302966096e-02,-4.766293270173677099e-02,-8.522901095688070749e-02
-7.713010939225443952e-02,-3.644139083822426906e-01,-2.638860146286349795e-01,2.402239843350116241e-02,-8.114986208690593006e-02
-9.657537231614192474e-02,1.815695738030807110e-02,-2.377841791018600603e-01,-8.117097764493248768e-02,-4.343716531042342982e-02
-3.508727671041177443e-01,-3.415295783706975147e-02,1.986706208672650922e-02,-7.915156813950363635e-02,-3.908082070003265907e-02
-1.639193408057426984e-02,3.360349377703620299e-01,9.947455654281567305e-02,1.795640348551530707e-01,4.351089092625002319e-01
-3.134738379861611857e-01,6.593358114394582969e-01,-8.839627869360494605e-02,-5.630455859687469138e-03,-2.868758585042064171e-02
3.854030827784089008e-01,2.750305480841471195e-01,2.268569266184772837e-01,-1.180875765746886019e-01,-9.403527195656968818e-02
-4.535924099561697842e-01,-2.711537539631431737e-01,1.788748807177224787e-01,9.334122912609262718e-03,-7.208075347760108109e-02
-2.480207319926935605e-01,-2.663177649519247181e-01,2.302581415720001412e-01,-2.130638076383915142e-02,3.241392157301171278e-02
1.170654080049703838e+00,-3.525198695398950033e-01,-1.652650951136420410e-01,9.242640278138751497e-02,-1.090513714535583933e-01
4.809666180981658073e-02,-5.227237884252216027e-01,-4.251437970073539407e-01,-1.138922450095071204e-01,-1.824951259850358595e-02
-1.772895967101732473e-01,1.019489816439939425e-02,-1.923945547531400735e-01,9.733959475214182255e-02,4.335260421520788221e-02
-3.579322457426356019e-01,-1.031028396977146655e-01,1.135002062389486310e-01,2.767447314613827661e-02,8.871822950350218007e-02
-1.053127446946489354e-01,5.649871443182885589e-01,4.300910220155004793e-02,-2.801181060380210364e-02,9.559639339445021033e-02
-3.423812352183926433e-01,5.190731559439208942e-01,-1.681210403515691343e-01,1.322078664078377985e-01,-2.877835064277486365e-01
4.832561771915896975e-01,3.093628598541929842e-01,2.715698164040546980e-01,-2.849267010439462261e-02,1.011955066964124045e-01
-4.837385590394211454e-01,-2.154225365368423184e-01,2.064859843320553667e-01,8.763469713071297962e-02,-1.461781194227640586e-02
-2.670737405251725760e-01,-2.893098205801869494e-01,9.067774746966396349e-02,2.646399941064120701e-02,5.025114593581513599e-03
1.202375282929037725e+00,-2.730590730408372080e-01,6.041653546579058703e-02,-2.009239051297685708e-01,-1.323701743462547646e-02
-5.503605055235798876e-02,-4.169062234507467934e-01,-3.136002023948616380e-01,-1.295281940965734291e-01,-1.117908893681656725e-02
-3.347546793810491500e-02,-1.256973259552124911e-01,-2.496884834494705330e-01,7.220171269882018350e-02,5.663972123322482538e-02
-3.664959094374721227e-01,4.095271304657691763e-02,-9.350732622612750039e-03,7.395203064001753049e-03,2.186849306688731440e-02
-1.166508842406890900e-01,1.876866006597366632e-01,1.183895979037175999e-01,6.749593684315349784e-02,8.074902587698092049e-02
-3.413212345059974950e-01,6.692414049837633883e-01,-2.105972058534214264e-01,6.603774868728422287e-02,-3.661977893776821591e-01
4.668844592432162544e-01,2.554829197466517154e-01,3.034140078460958456e-01,4.170081306364414181e-02,6.750418942052133220e-02
-3.461846211992015143e-01,-3.014283228073354470e-01,1.521896214575689521e-01,-2.325666814786766373e-02,2.522427023267154178e-02
-3.037465840667613048e-01,-3.109309669139490029e-01,1.118778728421253865e-01,-1.541655233421465598e-02,6.213957693481381682e-03
1.096026292697367843e+00,1.599200690515225785e-03,9.736552427085874706e-02,-8.662999977824838160e-02,1.191772207907315501e-01
-3.976961409347337661e-02,-4.439627930424609459e-01,-3.255948351131794372e-01,-4.777295648378251242e-02,-1.150589508649032672e-01
-1.074487958584972591e-01,8.456581466070085817e-02,-1.886623770651028875e-01,-9.849326461586489778e-02,4.273678297108021024e-02
-3.491323777701152986e-01,-1.087896995187530857e-01,1.455652315311231279e-02,-1.208604230781196859e-02,-5.180575988284134847e-02
9.882014505198625717e-03,1.117221855112271733e-01,1.416402257018400390e-01,-1.479305791426734247e-03,1.766197854333779460e-01
-2.202880794693929389e-01,7.901246437548741230e-01,-1.954936705956624166e-01,-1.186337021851218004e-01,1.612777070980963567e-01
4.191153547229097831e-01,2.645151189197334496e-01,4.099791571565059578e-01,-4.004911555286146119e-02,-1.831822250297925336e-01
-3.497886036331126491e-01,-3.010811035704225036e-01,9.585015752288450486e-02,-7.171665219459935278e-03,-3.228919770256968164e-02
-1.700656870845201618e-01,-3.261380147138113750e-01,1.888566490364051720e-01,-2.289208769649123468e-02,-1.626696809969727098e-02
8.074957886810031349e-01,-7.095615200108743026e-02,-1.411318297968033042e-01,3.485781398528200459e-01,1.796882607724937381e-02
-1.117557595010332805e-01,-3.854382245014511543e-01,-2.224369550937258522e-01,-1.241968542789671365e-01,2.131989910125182616e-02
-2.348993178041230284e-02,-6.607768422193674440e-02,-3.042059628888666989e-01,-3.892238256858003564e-02,5.117168409975813431e-02
-2.680133779264587401e-01,-1.492882115829963219e-01,-4.734076680062843101e-02,-2.003536477323981935e-02,9.261909965117014198e-02
-7.303799188600182402e-02,4.949872636357570688e-01,1.041124380379904735e-01,2.336574785528888476e-01,-3.563236650549122392e-02
-2.174288873839012592e-01,8.606847204133921680e-01,-2.683446390968419193e-01,3.173568139745853306e-02,-2.469571765454758039e-01
4.074926138569996414e-01,1.305001461371428362e-01,3.707267576744086579e-01,-8.642481761479329713e-03,2.287463487862093081e-01
-4.284542641545950326e-01,-2.534129042681116939e-01,1.356178429545996100e-01,-8.568334711754589661e-03,2.913826282944793900e-02
-3.253622412405182684e-01,-3.722029936855015264e-01,1.792570269858722032e-01,-6.330686265463657258e-02,-5.386029419812421448e-02
1.040049840015920823e+00,-2.597521119262943268e-01,5.261425822719214412e-02,-1.720879201690092173e-03,-8.654545721874588871e-02
-1.092082497656807621e-01,-3.792336150521806726e-01,-2.075750674602874768e-01,-3.815684505124283810e-02,-1.758281584966242886e-02
-1.147512124968957659e-01,-7.570573638732600377e-03,-1.666355200715358975e-01,1.506117482700900512e-01,1.957840067835176293e-02
-2.864630343434501070e-01,7.586737499420755093e-02,-1.273638009951066907e-01,1.163246198296802592e-01,-4.615061764288173884e-02
-1.016182183351157630e-03,2.464202260489168905e-01,1.060350882620727936e-01,-4.126075884875009259e-02,2.924629043580446175e-01
-2.557715847102756124e-01,8.607179901756812912e-01,-1.549779931929467502e-01,-7.037965352536586228e-02,2.943890655016688160e-02
3.853000174867887151e-01,1.921138967763499072e-01,3.740039459108400188e-01,-7.663768927380652796e-02,-9.333529167659322667e-02
-4.055569542759733803e-01,-4.244589924077465937e-01,1.422926282596843894e-01,-5.711895911233481199e-02,-1.108839934103934000e-01
-3.172420834468278050e-01,-2.978756443520370611e-01,2.388245326210307051e-01,6.794570384890574744e-02,-1.156483579811742532e-02
1.104709283735665792e+00,-2.659806625444584571e-01,-2.046038133337504117e-01,-5.132816613717627874e-02,-6.196265720891525747e-02
-1.242813512877626592e-01,-4.411335396915996854e-01,-2.197895467548357518e-01,7.522998552229459568e-02,-4.796106566189067139e-02
-7.568351473560833154e-02,-1.348879155415033393e-01,-1.750845322203792020e-01,-6.809364719162971924e-02,1.481273639020448118e-01
-2.877170160167684676e-01,-4.180737820817449074e-02,2.448034513365311693e-02,-8.360862692254805717e-02,1.173027880837937825e-01
2.290305953140799738e-02,5.141902796532857867e-01,2.637365851082253826e-02,-4.119067358131480588e-02,-3.819610241954900232e-02
-2.515654877064986694e-01,6.901252637385226762e-01,-2.819712977233068130e-01,-2.443017971293054147e-01,-2.736350838336394364e-01
4.491886593684305540e-01,1.613004060400334561e-01,3.621997680485744553e-01,1.402461253303144417e-02,2.247872116940450027e-01
-4.398567213163463996e-01,-2.512382760250182479e-01,1.964012530459486872e-01,-6.494564289857548967e-02,-7.848620444937521451e-03
-2.633412345334754101e-01,-2.847417259862103367e-01,1.136707709129105570e-01,7.199793877757695859e-02,-2.203680326368983797e-02
9.703536066966212958e-01,-2.118071139793356594e-01,-4.628041895338728950e-02,3.408878508904700788e-01,-1.005396880561772038e-01
-1.292153645631285430e-01,-3.547832542798267652e-01,-1.910960200676116716e-01,-3.168409511150413471e-02,3.477360844376143484e-02
3.056032299708104881e-03,-4.316026032280034092e-02,-2.529270760234528237e-01,9.783666364905899138e-02,3.389932565850697910e-02
-3.166078399626643947e-01,1.608083379723285189e-02,-5.009190716884644873e-02,-8.201673204334238021e-02,8.079972369159910128e-02
9.850468660396667284e-03,2.752982487826597935e-01,6.977293086025378177e-02,-2.202190229501412022e-01,-6.374685856237795323e-02
-2.899094198020897850e-01,6.375855288352143546e-01,-1.456362191130391726e-01,1.973420269335532107e-01,-1.138700333364397743e-01
3.239992433778235426e-01,1.731057345658605917e-01,3.226952621620424178e-01,-2.949302757321276437e-03,-4.541705116844498707e-02
-4.530214131604695105e-01,-2.375885546342267618e-01,2.266091899878378002e-01,-1.260416869483282909e-02,8.217061938358652395e-03
-2.299869318902233173e-01,-3.397195192823481147e-01,1.668076622922871344e-01,-2.955755024181876134e-02,-3.000267052609503077e-02
1.081835225040646664e+00,-1.268187574617652413e-01,-1.461338229294706637e-01,8.385218121634804844e-02,9.534689386113133491e-02
-3.022409852161268839e-02,-2.199917341339290011e-01,-3.635726414423802177e-01,-1.897753304973056210e-03,2.201622257856675896e-02
-1.716269386791772489e-01,-1.252621802744915691e-01,-3.264113154564775299e-02,1.639043120076158488e-01,-4.276326133619554742e-02
-3.893902590395205143e-01,3.286353354454219639e-02,1.142792898900118169e-02,-7.179570967935000603e-02,-4.325387695518555231e-02
1.079990928102240316e-01,1.937917072710904631e-01,8.097393368973239414e-02,-1.040379662661381488e-01,2.553954836190147626e-01
-3.094334980681300862e-01,2.291705083330284609e-01,-6.357998697488609352e-02,7.952580965317608552e-02,8.533656792197460983e-02
3.003156472225027018e-01,2.836529241126369838e-01,2.578160864962077414e-01,-1.542977529052043661e-01,-3.602915399493355486e-01
-3.802413430359594670e-01,-1.993434665963979002e-01,1.518726710088033893e-01,5.051261543595794018e-02,3.047117882833666122e-02
-2.168608521927476163e-01,-3.230944854244863218e-01,1.865219178914536702e-01,7.072910420378257512e-02,-5.511861272336988221e-02
1.089462249504420610e+00,1.282131931680068060e-01,-2.288187781122836550e-01,-3.264265914486712272e-02,1.082078380161935610e-01
-1.137073834238112174e-01,-4.399037770583158480e-01,-2.436595374247163548e-01,3.799164198409241133e-02,-7.442150172671405106e-02
-1.262854804354210103e-01,1.200505554326040669e-01,-2.920262198580045321e-01,-1.101672165387722335e-01,-5.179808782340148549e-03
-2.394034334522526786e-01,1.299283955209636944e-02,-1.513987769960230823e-01,-5.378515020045279010e-02,1.450638558493518113e-03
-1.020132005307244644e-03,2.093117928830489083e-01,1.676726640068446628e-01,9.283356744625417822e-02,3.115530222695299112e-01
-3.456658226791093913e-01,6.688393797249503336e-01,-1.182582205907146966e-01,2.542164209213627554e-02,6.592687134192430631e-02
4.948349421534616877e-01,2.963777339492972840e-01,4.163840610965832134e-01,-4.815871736679065013e-02,-1.570779658001057455e-01
-3.989395230826988104e-01,-2.448990579256346278e-01,1.583691969943905598e-01,1.953288055382657387e-02,1.293908375884145548e-02
-2.566133578347125632e-01,-2.723880196851042879e-01,1.109776822690769771e-01,3.040409146431758899e-02,-1.555507231430942189e-02
9.868001907598509259e-01,-3.503814468729420928e-01,-4.806084949743657381e-02,5.927260565388348286e-03,-1.396352673053197213e-01
-1.555625959947121995e-01,-3.374723464822255159e-01,-1.719839700309279962e-01,-2.215480209033224290e-02,2.798405616829325367e-03
-3.795260674267732226e-02,-1.641544084914584312e-01,-1.876078696467249063e-01,1.259970427867505155e-02,6.002988671406148460e-03
-2.605518827860475173e-01,1.483582165616193771e-01,-1.445907099511270222e-01,1.630282360762605187e-01,-3.895280209816748274e-02
9.479714036595469906e-02,2.346403047444187151e-01,6.374830723284236056e-02,-9.052348761670526989e-02,3.337342137508952367e-01
-2.818653957788864739e-01,6.964733367699100786e-01,-1.823601925274826729e-01,-6.422695781595098852e-02,3.762153401523971735e-02
3.017668594125861858e-01,3.471344883411239812e-01,3.786109453430457350e-01,-8.349232066950607045e-02,-2.367911431037825476e-01
-4.165467235846994631e-01,-2.119006162612647737e-01,1.832509576644294758e-01,1.473025448887584354e-01,-9.970796020150773931e-03
-2.253198581112657861e-01,-3.380316563845215394e-01,2.321050741641592918e-01,-1.373450012859298366e-02,-2.209809882080243301e-02
9.812350632197475164e-01,-3.750473187976020584e-01,-1.711725422482139047e-01,-4.879841692260673131e-02,-7.234430201146670181e-02
1.374308690178268786e-03,-3.228764978915432127e-01,-3.499242067557827296e-01,-8.396229083296219420e-02,-5.269810951862390069e-02
-1.282147955427670183e-01,-2.778628129325888194e-02,-6.402372334214467831e-02,-1.186741385929128284e-01,8.005212383214488359e-02
-2.252030281895842645e-01,-4.992773141273429416e-02,-1.370075132301298293e-01,-6.405361333584309869e-02,1.753324675942020683e-01
-9.461293623321791191e-02,3.136581725490337758e-01,2.640183827418248197e-01,1.873543705727438724e-01,8.993854834203014736e-02
-3.665675078800514353e-01,4.604270589590320761e-01,-4.341542087076107753e-02,-1.265172561983768547e-02,-1.460915726820440075e-01
2.343056567936520895e-01,3.249763509100996733e-02,2.530839916094769215e-01,7.239400489346246859e-02,-1.609483621193069092e-01
-3.803051850596699812e-01,-1.261395309585260083e-01,1.412837534383648563e-01,5.238660119541331539e-02,5.736110302414899886e-02
-2.995430849984894173e-01,-2.380595032447070103e-01,2.040928221395215958e-01,-7.260877365457048260e-02,-7.726406201600709289e-02
1.258766572419949492e+00,-4.179332179830617250e-02,-2.681080857303698717e-01,3.981556537450626349e-02,3.431786354345597173e-02
-1.165648590152018466e-01,-2.654221891070943640e-01,-2.164108912222391934e-01,-5.107327152268964846e-03,1.997476008298481459e-02
1.339040570935435409e-02,-6.516228369870437354e-02,-1.675879117872297874e-01,6.362536804944243785e-02,-1.873165067845080495e-02
-2.774192093165592232e-01,-1.222319142753201388e-01,-4.618916355594834128e-02,-1.476878625868527917e-01,3.153635246625870886e-02
-2.524375430645029936e-02,3.147766024265577500e-01,1.650791337757399335e-01,-1.002944775921453813e-01,-2.726310153245175422e-02
-1.912025877104358007e-01,6.375063792801541895e-01,-2.893741085888266173e-01,5.234072222295828303e-02,-8.169826365206522834e-02
1.647235963088091448e-01,1.582996208827711637e-01,2.853918365656726852e-01,4.819176228233990056e-02,-2.409062235053857637e-02
-3.715715160156257135e-01,-3.050809532219740383e-01,1.533478668229779907e-01,4.389555579619682651e-02,-3.028153449306659334e-02
-1.509755617369574199e-01,-2.809111567440780721e-01,1.418412810101893906e-01,-1.359062166851914303e-03,-1.918717616774243823e-02
9.548634860830663706e-01,-7.177410554231171413e-02,-2.609804302033625484e-02,4.639532114718122879e-02,1.497412363250716638e-01
-5.619250561696085416e-02,-4.181947641732636778e-01,-2.981257792266556184e-01,8.303344492542599417e-03,-2.006687818631041481e-02
-5.694206254681977164e-02,-5.369109460508372095e-02,-1.044450016312480356e-01,-1.404631220430384297e-01,2.444176967043843463e-01
-3.773007704129086592e-01,-1.237072262479286533e-01,5.847987830574102180e-02,6.770856734565412413e-03,-4.571039662130433473e-02
-6.328592391086480806e-02,5.122747898847613834e-01,2.501149714772265414e-02,2.938490675558974030e-01,-1.992322664075187322e-01
-1.964950255772134058e-01,8.222273454909110324e-01,-2.974396044283236784e-01,-1.701653108532285297e-01,-1.556203786529505029e-01
3.060956639116039768e-01,1.129749945136350603e-01,2.998402602065314837e-01,7.484017431741578352e-02,9.738537854077157496e-02
-4.070223753392314125e-01,-2.867787101429420948e-01,2.111384009419287611e-01,6.999167759451123405e-02,1.510416535456394344e-02
-2.342879290155346350e-01,-3.417136565396550751e-01,1.937809648627446535e-01,-4.415400625341384111e-02,-3.365845441063115145e-02
1.085430928507929771e+00,-2.233916781804341500e-01,-8.824061617844058958e-02,-9.897268154525187822e-02,9.738113367899532691e-02
-7.720572881310941438e-02,-4.606775651580397590e-01,-2.700827515684153801e-01,-5.780504280743639645e-02,-3.897050430593990838e-02
-9.609374837664749758e-02,-2.155265792294934202e-01,-1.882233888086104201e-01,-2.529950318985151742e-02,1.127329213587790757e-01
-3.401814382248435908e-01,4.240348557949698283e-02,-5.063200916763484216e-02,-6.668265604863277130e-03,-1.497707765665254043e-01
-6.378679011394068621e-02,5.952863159474023336e-01,8.217863292320949642e-02,1.324272278289837790e-01,2.064797854901913310e-01
-3.138543223956717365e-01,5.828228366479225597e-01,-1.576486322440325827e-01,1.707736149879095916e-02,-1.666325195178148255e-01
4.475764736148489242e-01,3.795576280202703212e-01,3.983374230641268388e-01,6.332404151122164593e-02,1.462548871650515836e-01
-3.933427297057309202e-01,-3.474483058280782299e-01,1.240138531028472796e-01,-3.928828017786433618e-02,-3.715776244313382087e-03
-2.920402906276752253e-01,-3.054916311280014840e-01,1.132418410260036951e-01,-1.733287535926127110e-02,5.289574265539459356e-03
1.128928574642769966e+00,-2.709261848514789572e-01,-5.118496832749380721e-02,-6.643466369971981478e-02,-1.116675916449679923e-01
-9.926088195475750442e-02,-3.691965815983847543e-01,-2.588850716730323742e-01,-4.541652255978067404e-02,5.279027479836630871e-02
-1.435968957038027682e-01,-3.938716240544491015e-02,-2.759509812195489187e-01,-1.130977034153018562e-01,-4.486757464129416395e-02
-3.473637670078227324e-01,-7.301977411500085169e-03,1.691132721275347486e-02,-8.478798845489214642e-02,1.508825468104585676e-01
-7.387506194485725375e-02,3.776891585511553684e-01,6.532329063085762222e-02,-6.474306146444189225e-03,-4.133386395350736181e-02
-3.834389618084438345e-01,2.764393225369658480e-01,-7.088638671541186431e-02,1.510862259843973876e-01,-3.070878771480349823e-01
4.800060685065679622e-01,3.253629436517102014e-01,3.802374437884799563e-01,1.866320799617111059e-01,1.379947427058877962e-01
-4.901630649820155061e-01,-1.741786055529953581e-01,2.217060814724611251e-01,-8.789760409336923319e-02,8.001086736698589941e-02
-2.052476876585577203e-01,-2.945642152179959727e-01,2.059966950297503069e-02,-4.711115017447050496e-02,-3.028711094792457467e-02
1.262940252553689024e+00,-9.486288255351013610e-02,-9.905537299953397212e-02,4.706696889814965257e-02,1.897995009062338747e-03
-1.053455668134944817e-01,-3.547401911115025119e-01,-2.050315472045660392e-01,-2.864046269902123087e-03,2.280240473976524046e-02
-5.372604631294822936e-02,-9.962203786818646378e-02,-2.489001653606877917e-01,1.165735303848784016e-01,1.341826058418084666e-01
-3.732440990901014222e-01,7.214135280748786017e-02,-1.114604621385774028e-02,4.170891025511496049e-03,-4.562652728822759463e-02
-7.247554915314597355e-03,2.646163630486662033e-01,2.817096046713334079e-02,-2.747407370926238657e-02,9.708964780836686070e-02
-2.809040049230489000e-01,5.182811192736315187e-01,-2.047962534747392316e-01,-1.581692772853383888e-02,-2.563787147603000666e-02
4.521348443618468105e-01,4.207306029885001242e-01,2.408196146471894561e-01,-3.603937924956298819e-03,-1.251996111263875833e-01
-4.237391763305977666e-01,-2.050844273149302344e-01,1.715362500089837317e-01,-1.660304239713144767e-02,4.818937996041542521e-02
-3.337968505534322783e-01,-3.779129309655812063e-01,1.736950771332543275e-01,-2.069071168878045680e-02,-4.981683781101096248e-02
1.125868454577090727e+00,-2.384098508580850539e-01,5.565210999729006125e-02,-3.369168169182378686e-02,-5.598319064869988065e-02
-1.022940012311984587e-01,-4.223268335206092350e-01,-2.337243062323137999e-01,-6.161210316586794578e-02,-2.093611878846736093e-02
-2.696124699075145778e-02,-2.536101735774295429e-01,-3.238842374421105896e-01,-6.876688174065982706e-02,-1.098401505272877804e-01
-3.551333689807664173e-01,2.040558765251973550e-02,3.160621865581155626e-02,9.573510868367851936e-03,1.112210432773479002e-01
-8.306425237864337174e-02,4.920447182489015026e-01,-1.209689356496954603e-02,7.661615276708780287e-02,2.981290094829845416e-01
-2.795486646173707124e-01,4.122659386202249254e-01,-1.189450711813811318e-01,1.947211994001265545e-01,4.977474128226893474e-02
3.632170623248742181e-01,3.384869129017284983e-01,3.926530069948159229e-01,1.014862612157836491e-01,1.730389854761387033e-03
-4.453374684887979051e-01,-1.690544893674410520e-01,1.440398292879803976e-01,-7.292031586619544814e-02,-5.847499730905459520e-02
-2.617658393688137020e-01,-3.418734623229944258e-01,5.134881452513023747e-02,-6.584425494715356875e-02,-3.431315686929593822e-02
1.190887779731467200e+00,-7.633819863490035051e-02,6.900263895703699635e-02,-1.132535685314894208e-01,-2.372907604032569451e-01
-4.271158682134530010e-02,-4.137741255257600392e-01,-3.174230948163515587e-01,3.556563988512181224e-02,1.590750755801472946e-02
-9.552326006928964219e-02,-1.383328777253238495e-01,-1.517332897933218461e-01,1.946345205885308127e-01,1.793961374627739414e-01
-2.479710896513566964e-01,-7.840496573845384676e-02,-5.451874466317064433e-02,-1.873557095598582523e-02,5.718616065555057887e-02
-1.340192402331233101e-01,5.183723493774885505e-01,-1.809119770768231883e-02,3.194279352864552723e-02,-1.634041506986914360e-01
-3.350242353472943635e-01,7.024862486570613296e-01,-1.549449738895499473e-01,-2.257617345767783668e-01,-1.559340610046010822e-01
4.319283856426602841e-01,1.981065733757971792e-01,3.069409897710023705e-01,3.164050816800183935e-02,-8.993044298093946787e-02
-4.418571695169806746e-01,-3.017335116682751117e-01,2.096631500686284288e-01,-3.803432641858812968e-02,-1.997867995070791089e-02
-3.362674582489638686e-01,-3.389189835649282223e-01,1.692531050795305636e-01,-2.568963654882989306e-02,1.509302980356333306e-02
1.201445654245693273e+00,-1.478007071876059619e-01,1.085405595091493494e-02,1.443780632988196470e-02,1.616644991550376664e-01
-2.637802005612030140e-02,-3.741687875608785685e-01,-3.532000324514889544e-01,2.006819055741570351e-02,-3.586415261231352958e-02
-1.740671320260879507e-01,-8.070813889577758971e-02,-1.143241345801189329e-01,-6.694333962138049321e-02,1.818083283791262772e-01
-3.753188029918479995e-01,1.120977692749981491e-01,-4.100940052219696763e-02,1.079132795595070804e-01,-4.527781372592751957e-02
-6.566618685409660039e-02,2.486040562617686522e-01,1.723102431877733542e-01,9.471766088128863101e-03,2.534395113397052146e-01
-3.371555490271903044e-01,3.489326327723374366e-01,-8.693584762572105495e-02,-4.913150978125929713e-02,-3.092207010398308892e-02
3.159416833109210399e-01,3.286278722471187574e-01,2.172271208521473485e-01,-1.041527448321069409e-02,-4.687718818376781504e-01
-4.631432440804579276e-01,-1.615355747420387789e-01,1.816708462700403204e-01,3.272043672326508529e-02,6.956868001404258040e-02
-3.690829905906560238e-01,-2.966368344445569627e-01,1.445978687431400678e-01,-4.191931714564531286e-02,-3.961435888670365724e-02
1.494870242315536668e+00,-1.252129949129709985e-01,-1.203366638735747368e-01,-1.764231896821203240e-03,1.156337574337318874e-01
-1.110709152108542153e-01,-4.512675096715164091e-01,-2.446262705967489071e-01,-2.752160414146626391e-02,-2.781142652817852542e-02
-1.697246381983927299e-02,2.064489156894071112e-04,-2.689498418150363390e-01,1.730255223295210643e-01,6.032489007063274178e-02
-3.583891410219112172e-01,7.654074370632774071e-02,6.629561183890417264e-02,-5.180564659137006783e-02,1.890707064605467724e-01
-1.355167731537802178e-01,9.465920898321968091e-02,9.145362978231535989e-02,-1.661320228088632445e-01,-2.791391148521162394e-02
-3.358787171582148789e-01,6.711863871254942771e-01,-2.593327154536699819e-01,3.199954265304543743e-01,-2.310160971500568039e-01
3.930729791921527272e-01,3.090623685031421153e-01,4.902378961781299616e-01,-1.548528522991756695e-01,6.887456255302072151e-03
-4.212187779444798164e-01,-1.916060189851610529e-01,1.663760576925836510e-01,-1.396877341298431441e-01,4.524984148411171497e-02
-2.356964369639991119e-01,-3.246695943851308774e-01,5.270450091631829342e-02,2.328985479962314420e-02,-5.560301916731286154e-02
1.221670246080925670e+00,-1.841120341920647330e-01,-9.415886854279613416e-02,2.368905631111961271e-02,4.081156006016652821e-02
-7.106952048004279432e-02,-4.853265210839221577e-01,-2.784556183453961165e-01,-1.080584468684129933e-02,-4.037986237479377488e-02
-1.225938785788640850e-01,-1.747021748784217954e-01,-1.724202579179939521e-01,8.632549740346148748e-02,1.158737608969960808e-01
-2.921743943154768153e-01,-1.602662719183219620e-01,2.704384684706304803e-02,3.704501758549212653e-02,9.285042841004491343e-02
-1.697120456557299484e-01,4.612411457977510509e-01,5.347655768966124573e-02,-1.019322564956682831e-01,-2.031707723740280302e-01
-3.150219172548917590e-01,8.890954400635053823e-01,-2.173772615111022044e-01,1.039383163856041764e-01,3.060469710918598332e-02
5.298281458812162947e-01,3.830247823324332557e-01,3.689187887901632656e-01,-4.333812359117882040e-02,6.648828725101428583e-02
-3.866612837340116515e-01,-2.851391982627048960e-01,2.062071819267801975e-01,-3.426225653125132553e-02,7.212460168221110357e-02
-3.630249683594458654e-01,-4.177866015217532869e-01,1.644026760972059631e-01,-5.337108791487003151e-02,-1.094174976414954426e-01
1.190429862497246249e+00,-2.101406005285652578e-01,-1.517959135763813638e-01,1.640073784525158951e-02,-2.497364295913485563e-02
-1.681323833418264246e-01,-3.940514542449419233e-01,-1.329013530425294520e-01,-1.596500313120689102e-02,9.351553258201042440e-03
-3.130105139768960681e-02,-1.454993532182614902e-01,-3.204386192415999979e-01,1.018250981733742101e-02,-1.238627755916062029e-01
-3.230845832835648745e-01,-4.900664552159401249e-02,5.257402972568764321e-02,4.903610032150845788e-02,7.890540008628969815e-02
4.702332707129014237e-03,5.475851730001934925e-01,1.249862951100752934e-01,1.307754402560042939e-01,2.027815719013457973e-01
-3.255528166420277314e-01,8.757662142246805947e-01,-1.566242841326215551e-01,-4.022112349123092151e-02,5.168407114624443827e-02
3.893898319219952775e-01,2.442151042271178962e-01,3.163413654009302189e-01,-1.611713383097750085e-02,6.557144704629620791e-02
-3.864586075394733089e-01,-3.421126964015994698e-01,2.152093339259517901e-01,-5.219859079766614451e-02,-1.686580688228362518e-02
-3.192139877813497395e-01,-3.368845745156818228e-01,1.745991928469650400e-01,-4.605249758719958536e-02,-5.969467279573716090e-02
1.159651265356806960e+00,-4.000117675499131886e-01,-2.737459605928587725e-01,-1.943970155656943657e-02,-2.078707881687497927e-01
-2.426835510230328508e-01,-3.942353671030947582e-01,-3.640346164769613785e-02,4.810353129686751640e-03,-1.742697625351444582e-02
-2.186925416097960581e-02,-1.994754493449849286e-01,-3.481905506826638019e-01,6.367216750632613553e-02,6.238478367911132888e-02
-2.905022900159103250e-01,-1.411003667933637407e-01,-5.072308187810044278e-02,-3.398447356642798900e-02,-6.778067464396975335e-03
-3.194949497568579794e-02,5.759897024618855221e-01,-6.737494248151308651e-02,2.423812137639021480e-01,1.950803073744962202e-01
-2.970290744068084798e-01,5.364430341821097015e-01,-2.418300114417384905e-01,-1.535888153755407826e-01,-4.102202566007411288e-01
5.305735771456823180e-01,3.175875845693558186e-01,2.567824751549712126e-01,-7.108902846060725228e-03,5.879466034727447860e-02
-4.369737088120848600e-01,-2.528971419278142618e-01,1.390958760971279240e-01,-5.331053816527173139e-02,-1.656604579496046351e-02
-3.567806731976850831e-01,-3.179954367700791873e-01,1.353935276089407724e-01,8.618651070331457414e-03,3.781045605735301740e-02
1.147214469446504514e+00,-1.243165592740147485e-01,2.132501692706723073e-01,-7.148965551694552722e-02,9.692113865537833883e-02
-8.986677605445635153e-02,-4.063675574972568927e-01,-2.667610313763882912e-01,-4.708362949002949799e-02,-3.823823325288636110e-02
-3.885695876865422060e-02,-4.210583967182753712e-02,-3.368725866015734871e-01,2.225888749661386057e-01,1.429718403399571347e-01
-4.279378196739883067e-01,4.711358297576490745e-02,7.881910788459919881e-02,3.402819488548116528e-02,2.604528520663941266e-03
-1.488576011193114834e-01,2.880279494441427834e-01,1.301703131918488243e-01,-1.215456003925371314e-01,8.842767626796105285e-02
-3.412318957253868690e-01,4.573263160638817437e-01,-4.592833051519881749e-02,-2.021151598334557098e-02,-2.203076722660259404e-02
4.594349403560772926e-01,5.076035096586982709e-01,2.752084546381273755e-01,-3.810928902367371335e-02,-1.109288273558009380e-01
-4.070234036749038053e-01,-2.515985160195953751e-01,1.498783299933386381e-01,1.408735937113085590e-02,1.062972586180664647e-02
-3.174195741098912449e-01,-3.344167146773018295e-01,9.332042828183188810e-02,6.351331427147752229e-02,-3.728224135486387508e-02
1.311759088770515502e+00,-2.655827302765059739e-01,-7.783468549658534297e-02,-1.072677086046425338e-01,-3.615370180023525642e-02
-6.219599929589742643e-02,-3.338019994935110812e-01,-3.159666254015363607e-01,-8.584440659957413844e-02,5.529580494819095506e-03
-9.164825830859076039e-02,-1.204895234745090131e-02,-2.617571053968081318e-01,7.885447086219394761e-03,6.644265491071210672e-02
-3.209546772102758738e-01,-2.118946727034017215e-03,-2.139320358355536675e-02,-3.852316063766667020e-02,1.014494628944065946e-01
-5.916169861010867059e-02,3.168100890694164895e-01,1.799983918333605271e-01,1.851972236915871428e-01,4.038664686226142025e-02
-3.375969186473066763e-01,4.538417344643173590e-01,-5.200105691921600576e-02,-1.686363567266248309e-01,-4.772386824436189445e-02
3.032792052690982398e-01,7.732871818686984366e-02,4.153249915012624527e-01,-2.635317054571705703e-02,-1.257914077554687093e-01
-3.825772274814268625e-01,-1.024922698267986959e-01,4.800029888965007957e-02,1.369214845247668233e-01,6.621194273785333331e-03
-2.946786832410391854e-01,-2.880372302613403157e-01,1.702606167478420418e-01,-1.100224825843336418e-02,-1.129190664365067702e-02
1.245534257525547028e+00,-1.094811430644685307e-01,-1.624663076709990939e-01,3.551874654423569375e-04,-3.562235679250312648e-02
-9.193725544120641413e-02,-3.477962555969174030e-01,-2.634956300948204655e-01,2.549218756568719102e-02,-2.795209438343234862e-02
1.953186796340265763e-02,-6.104736159983499555e-02,-3.782693990736918366e-01,5.055595714930982698e-02,-8.046835830236374453e-04
-3.579225663061548213e-01,6.766899555044555981e-02,3.704487754010148820e-02,-8.339538559239854931e-02,9.781267414789750203e-02
-1.213318436417711033e-02,4.001652581148809618e-01,1.074657382643256359e-01,-5.857839161984221971e-02,1.858493512351718779e-01
-3.875158655243282624e-01,5.212613895214504023e-01,2.121381783620352943e-02,1.591834900368466477e-01,1.195976494241996063e-01
3.968902770059007934e-01,2.349138805315727219e-01,5.166830117233808251e-01,-1.968877854478718048e-01,-1.896880406238440619e-01
-4.581701612349499131e-01,-1.942259262090817173e-01,1.848232314955519928e-01,4.923855363830335202e-02,-3.591883868457466239e-02
-1.955366569111743058e-01,-3.534437851866653046e-01,2.385764997206385740e-01,-2.076130699128310442e-02,-8.565344536226209005e-02
1.086793544812687307e+00,-2.674961951258503223e-01,-4.640421474116891987e-01,7.515268126124836912e-02,-6.324257217013205812e-02
-1.124439006559308646e-01,-4.481521546594788852e-01,-2.379100710550356157e-01,-4.240130173852949685e-02,-5.496762873484919293e-02
-1.242920636401282364e-01,-9.958778792404199276e-02,-2.238591488290659348e-01,-4.976214802483651389e-02,1.368552477086592001e-01
-3.082147690297811771e-01,2.110669209941953839e-01,-1.293507907215194208e-01,1.538567790643283195e-02,-1.218534490813082648e-02
-1.297546711132751551e-01,2.612021270176032028e-01,2.085309657827769947e-01,1.445916191997593248e-01,1.428060608724977254e-01
-3.316937410411813780e-01,5.714408170531016795e-01,-1.414348857252172853e-01,-1.487525561919073591e-01,-1.930991485437958122e-01
6.113446245243269184e-01,2.595338517480015317e-01,2.296102368855694187e-01,3.442997475854998601e-01,-4.964373158763443067e-02
-4.512841750977256150e-01,-1.379164046935744126e-01,1.438524116847177958e-01,-6.995888015108162050e-02,5.444902287783742051e-02
-2.550652742523735750e-01,-3.230458870448443265e-01,1.367502550143420703e-01,-5.506896628265536831e-02,1.987175597459911458e-02
1.101403970306068736e+00,-2.945414824909622920e-01,1.381102696343186262e-02,-1.383331923026820121e-01,-4.408623365918311332e-02
-1.304593236033550208e-01,-4.051884689321695876e-01,-2.157422663111509820e-01,5.704389930539079806e-02,-1.593691229347671615e-02
-2.117804088245045513e-02,-1.973961180837640050e-01,-2.457239489692656098e-01,2.957931047629651367e-02,8.797556456754553056e-02
-3.617640295803762895e-01,-8.187164017060416521e-02,6.060759156150932053e-02,-4.892190819875615049e-02,3.221213672920918147e-02
-1.289112933047607268e-01,3.310664115611245961e-01,8.973459819692152298e-03,-5.493751570192251243e-02,-1.697726177801431443e-03
-3.357210788987602945e-01,6.382380584692641801e-01,-1.754067152579280031e-01,3.941152740360066575e-01,-1.627502569312983816e-01
4.467686402793827893e-01,2.789565962247816944e-01,2.952773338118258595e-01,-1.584919057659369968e-01,-1.833159508150860040e-01
-4.360056785400656665e-01,-2.912610290096823706e-01,1.925803968904279684e-01,-1.535469598671151958e-01,6.102438926594008772e-02
-3.038612129204096846e-01,-3.511065170971922056e-01,4.624635510477740491e-02,6.194041404216883706e-02,-3.975320314543365208e-02
1.271132017450795404e+00,7.856270703824165536e-02,3.318779335011164122e-02,-1.267806083261323047e-01,2.222419588004010960e-01
-1.248787509869191681e-01,-4.200326386875825047e-01,-1.864925732819237569e-01,-5.309038362381183346e-02,-2.885354244528849643e-02
-7.197780576628150240e-02,-1.859580846886426664e-01,-1.811247674660582951e-01,7.048495939203139327e-02,5.552177203946588591e-02
-3.224416984107230655e-01,-7.671377756010908100e-02,-4.279765273803481929e-02,8.321333353837276348e-02,-4.004871824261959506e-02
8.828632674691636040e-02,3.754938788864719545e-01,-4.082073756655685975e-02,-1.560074529465814257e-02,1.802344174932919985e-01
-1.775849303379808397e-01,9.968693494538332089e-01,-3.848299149798962149e-01,-1.383395264222425092e-01,-5.677654561573125536e-03
3.610196811104619541e-01,2.097095817099950410e-01,4.167645715978417487e-01,-3.669452467398642143e-02,1.110277629392549259e-01
-3.816286877650604259e-01,-3.362920518975980322e-01,1.819128500796476089e-01,1.281643425165685246e-01,-5.573951660930337448e-02
-3.351505646514917336e-01,-4.161394460474114876e-01,1.797699318486896125e-01,2.935698290000187533e-03,-7.792697168044748768e-02
9.643564300610778517e-01,-1.469368111689564882e-01,5.761829250629082327e-02,-4.107315372227446360e-02,-1.385375489327809184e-01
-1.192437517442281464e-01,-3.107326378894890717e-01,-1.994223308444165454e-01,-5.478731618240997858e-02,1.206019630950860150e-02
-1.159718714989919353e-01,-1.258398151418642537e-02,-2.002136483749501483e-01,-3.633596450557607244e-02,7.185650138742684379e-02
-2.994768296281798969e-01,-3.957129077810286888e-02,-1.867690138372935654e-02,6.534287750640455084e-02,-3.396089780660431490e-02
2.965867535868746147e-03,2.153316504574669804e-02,-1.175435919419912101e-02,2.349817718852518778e-01,4.267840191579899689e-02
-1.018405381504369905e-01,1.064400061960609101e+00,-3.765568271426428804e-01,-3.934270943114568375e-01,-1.237874813929494000e-01
3.108787142698936634e-01,-1.219013207588050957e-02,4.376254450941670648e-01,-9.903195620529119461e-03,1.239476870784241569e-01
-4.519438235924931324e-01,-3.495096080884998457e-01,1.679724139473868783e-01,7.634652674427984398e-02,-8.681919952323662037e-02
-2.823529726680324425e-01,-2.180695897674237438e-01,1.836777037163671855e-01,5.214850396525178011e-02,1.781285090449831465e-02
1.056985205476599798e+00,-1.432759868927734881e-01,1.734850418201706185e-02,6.563389051878348868e-02,-2.378805887286683865e-02
-1.130679501981273899e-01,-3.776885176996626070e-01,-1.712912565717651381e-01,9.322601577802352990e-02,2.839753244042819008e-02
-1.415674735031330345e-01,-2.039270735744626861e-01,-1.999245319604218973e-01,-1.955018568770855100e-02,1.042410587085330215e-01
-3.311298632450290769e-01,-1.693236567305135831e-01,7.999012957209357400e-02,1.907490866872635915e-01,1.029630427230795731e-01
-4.926039344877315013e-02,4.427574000115424013e-01,-7.274170402122483170e-02,-1.973436361041985831e-01,-9.884423517271596904e-02
-2.838463653031150780e-01,6.792986760045286454e-01,-1.422432932404288086e-01,1.327679574755052938e-01,-1.488615305345096784e-01
4.836358435359414121e-01,3.840066463054789825e-01,1.595582255066188559e-01,-5.369110189091214763e-02,3.753506272525139464e-02
-4.555953071541681276e-01,-2.865848999193876256e-01,2.264422927578384481e-01,4.388998160703420914e-02,-1.861878245162977780e-03
-4.076628959711646738e-01,-3.219096806783919296e-01,1.657167039911638384e-01,-2.315383372630213515e-02,-3.264153044947548654e-02
1.298494405287569320e+00,-1.466288937191317088e-01,-4.550656603387396443e-02,-1.668942841387054676e-01,9.072477804572078031e-03
-1.376739672540920612e-01,-3.279968989029221071e-01,-2.118123452224211223e-01,1.225144891064049030e-01,-2.306031230481976439e-03
-4.613725896257460379e-02,-1.121957998529360123e-01,-3.182784508270774526e-01,-1.468730977718938624e-01,6.206226943975395177e-02
-3.118504250690493640e-01,-1.207120383725845680e-01,2.194327203109269417e-02,-7.690578578430485798e-03,1.515103630773049770e-01
-1.370977166675931280e-01,3.540938967619819411e-01,4.963682875668389699e-02,4.032850947052840640e-02,-5.350256337752295165e-03
-3.662780859690804025e-01,7.114030924658032440e-01,-6.805956111951104448e-02,-2.707116265185408599e-01,-1.958748297557260376e-01
5.661910082508450071e-01,1.547267136288116574e-01,3.253289821419539374e-01,5.315060504739275993e-02,4.912797984306685461e-02
-4.272392443680999574e-01,-2.371941217738490204e-01,1.808866029509436368e-01,-5.676309298303244127e-02,1.081080454866025463e-02
-3.790285810105679110e-01,-3.799596391166974452e-01,1.699180915395380187e-01,-4.310640976626902571e-02,-1.975950054588302904e-02
1.239114271050212324e+00,-4.216520483760777954e-02,-1.495634202512021171e-01,3.091512019938401634e-01,-5.022079903894262343e-02
-8.051163734790800497e-02,-4.592948072989930797e-01,-2.573293732571412251e-01,5.939332211740887962e-02,-8.115445531721179884e-02
-8.835148186430194506e-02,-1.478722802082201304e-01,-1.806935367663198289e-01,-1.143153232964913696e-01,6.692190551364202156e-02
-2.926499368372318943e-01,8.915140075856009538e-02,-1.041719393037035396e-01,2.225297613570553501e-01,-1.874001094553922470e-02
-1.696394708020235870e-02,5.093790096276877843e-01,9.352319877906453693e-02,-4.949108440048614888e-02,3.258739227105704739e-01
-3.185953647934813282e-01,5.232631833684604494e-01,-4.907225804623813192e-02,-1.110759152919555195e-02,-6.156158232843600420e-02
4.810122714382619180e-01,4.740412597151715257e-01,3.135763519362373963e-01,1.169465787786578073e-02,-4.010143808747883287e-02
-4.127909258071075782e-01,-2.492276230289675043e-01,1.307531315232639268e-01,-1.702354696263494796e-02,2.105208018104259490e-02
-2.428170868959459439e-01,-4.082566635979574254e-01,8.670761233445246907e-02,-3.718564162267076756e-02,-4.653108170369060770e-02
9.716681091879171284e-01,-3.311834793357418261e-01,-3.329318719961511103e-02,-6.449455354085147085e-02,-1.657593400228983826e-01
-7.367334126274166506e-02,-4.203345553326691131e-01,-3.134420717001907830e-01,-2.824682571160361949e-02,-7.264812474711797308e-02
-1.004001294675719858e-01,-5.227618415732510765e-02,-1.746737468452018438e-01,4.773901703487870921e-03,9.239922858052147803e-03
-3.194501254174975657e-01,1.417436417952427918e-01,-2.525579279930298751e-02,-1.232464558640396397e-02,1.188347776320260035e-01
-7.527981714118225053e-04,3.731750155776715205e-01,1.103844877233390170e-01,8.701678870955535661e-02,1.660006070436483849e-01
-2.866288089077492218e-01,4.795396051038067209e-01,-4.911356164520454953e-02,3.167035890220017830e-02,-8.045270497796311315e-02
4.318698057769109200e-01,1.804050914792290072e-01,2.364813823233590517e-01,6.374857803654879196e-02,-6.587371267926381280e-02
-3.733854727172318810e-01,-1.211109870159090413e-01,4.806447732694142660e-02,-1.260084292081425639e-01,9.446413999531479144e-03
-3.410440388522718580e-01,-3.525006285214630775e-01,1.968493770308124002e-01,7.408048716818944890e-03,-5.063521828965816124e-02
1.063464909019565141e+00,-2.286409989285835831e-01,-2.929455141455145767e-02,-2.803777556246125902e-02,-3.391196083925470534e-02
-9.610769989797482427e-02,-3.852714921824152428e-01,-2.614644179668972890e-01,-2.900768996113828324e-02,3.425711052513773225e-02
-6.030894340382111918e-02,-2.048913767799581676e-01,-2.569717320748710621e-01,7.896533607925843024e-02,1.043480674376041778e-01
-3.737805457264228304e-01,-7.534453423135953343e-02,6.486006211711775604e-02,-1.238095357733583896e-01,5.953306028954215984e-02
-3.445468281493026946e-02,4.549520889354483066e-01,-6.811722655429459927e-02,6.392719627081303035e-02,-5.476801457185710015e-02
-2.250368693066407133e-01,6.039564422498813201e-01,-1.758982532346139438e-01,4.901041939976528289e-02,-1.849183692158577197e-01
4.246684335438438151e-01,2.458972611198186053e-01,3.957409578902620351e-01,8.336063768879782565e-02,5.873104486752430548e-02
-3.981192347124777320e-01,-2.024719022750467445e-01,1.147701333809838242e-01,-5.881987416392544382e-02,2.504550514689980051e-02
-3.530702992369159077e-01,-3.961080201833518943e-01,1.781624099698179975e-01,-5.623290760863283028e-02,-9.505129975777254492e-02
1.116209841555339866e+00,-4.071846665301673968e-02,8.918066472495574451e-03,-7.393581931579929281e-03,5.282289527877920970e-02
-5.437349041490050633e-02,-3.914649441861337564e-01,-2.970031394835813132e-01,5.699104995070369828e-02,2.382375875080849220e-02
-1.698137710467744199e-01,-6.584955484926284519e-02,-4.657969259548872670e-02,-1.388863526421595281e-02,2.027946697092175565e-01
-2.917906608703646487e-01,-1.727902474956120871e-01,1.710823307310058161e-02,3.089431357318979388e-02,9.665869730964130047e-02
-1.889303519064203796e-01,3.750265765107830829e-01,-2.840717362486969849e-02,3.239573665079072823e-02,-8.236805983676925846e-02
-2.366218337242636527e-01,6.252390364050558480e-01,-2.248493741438258864e-01,1.514752801424743521e-02,-1.556174870066614202e-01
4.384855620007576116e-01,1.354958007800648352e-02,3.119166261248701444e-01,-3.041191721215942209e-02,-1.493031077404404772e-01
-3.879162267242832196e-01,-2.322414358746133223e-01,1.225120128964178184e-01,3.894912200793384377e-02,1.280545712212977603e-02
-4.043073102358835658e-01,-2.372734800279181211e-01,1.521260809524482560e-01,6.662599735600233455e-03,9.864197836684055268e-03
1.295268082922132580e+00,8.580446943969503859e-02,-6.823573199070911109e-03,-1.367397974560907448e-01,4.134187385538985737e-02
-1.069769070923346083e-01,-3.613302014616350255e-01,-2.054319074249688626e-01,-2.980004290513839707e-02,1.355340714112799119e-02
-9.222882643518703905e-02,-1.641543822438726041e-01,-1.895939900110743814e-01,-2.278664286435946179e-02,-7.901348563235842393e-02
-3.765221246203444005e-01,1.031284391979219242e-02,1.827511352420240973e-02,1.729420771531668677e-01,-4.787586094733747855e-02
4.251153564224678660e-02,1.656717164335448911e-01,1.696518920196859320e-02,8.782692303297824632e-02,1.713473258215233996e-01
-1.569708749719744834e-01,1.207626433676166622e+00,-3.244200122396575514e-01,-6.318218664770106630e-01,5.137049306551213536e-03
2.971658580201211319e-01,4.711076662467782866e-02,3.109659620330236240e-01,1.433850209566805423e-01,1.187202751995428684e-01
-4.360422676060382585e-01,-3.902357935354925367e-01,1.581181846749607489e-01,4.314242611933650356e-02,-7.702465039357184184e-02
-3.727819155660627159e-01,-3.093154158527913755e-01,2.894322440387133155e-01,5.765593722162838664e-02,-5.380687096384676599e-02
1.201845522629573226e+00,-2.056859675603900095e-01,-7.431078379716750393e-02,1.794561677627176111e-01,-5.103718953163113164e-02
-4.717722592048351898e-02,-3.094754274451663179e-01,-3.423914315604700276e-01,-7.917740614130390486e-02,4.889574415739746105e-02
-5.847241183076639509e-02,-4.676580333196026645e-02,-2.392146592163973129e-01,-2.725084879105750882e-02,-2.476299513710122566e-02
-3.978218327718814895e-01,-1.941688255387588047e-01,9.322746226449232787e-02,2.123501427050702647e-02,-1.862517382104790231e-01
-2.060563840554363868e-01,2.902155682395700653e-01,1.492879919813998590e-01,1.175669225721823058e-01,2.210855027110015525e-01
-2.775613383488215735e-01,5.356819999107769181e-01,-1.129726168867625780e-01,-2.726512676666771884e-01,-1.630217022917951619e-01
-9.983230928063258069e-02,1.198294551428941840e-01,2.758284892926212706e-01,1.829691631564766829e-01,2.728966810274377139e-02
-4.222114028560530752e-01,-3.210695456698368644e-01,2.058332616523727010e-01,4.523454588617333363e-03,-3.082293620394246231e-02
-3.406911465324447552e-01,-2.333360266570604080e-01,9.701278485978279131e-02,-1.102068860996047311e-01,-8.277480456870513897e-03
1.849824051596520080e+00,1.590886053495415009e-01,-1.266112823870383097e-01,1.629918541108598684e-01,1.158659373290455707e-01
-9.213602252921507252e-02,-3.856086062851303287e-01,-1.609506618263042699e-01,2.499547735862069769e-02,3.335706089822981085e-02
-9.039566070846129231e-02,-3.633429255773706901e-02,-2.145882085900275571e-01,9.160380795856493119e-02,2.181640295076296698e-01
-3.311809460264208416e-01,-1.627290405027314035e-01,1.007695964932181082e-01,-5.271008975962616222e-02,-1.354110520192050755e-02
-8.739499564855801594e-02,4.551775622548903111e-01,-1.040719249391519469e-01,1.724040849968171696e-01,3.636980742857283400e-02
-2.387052273274977154e-01,9.333523438684737661e-01,-1.406136362100967041e-01,-1.281770422353012973e-01,-1.754882260882180411e-01
4.407387211699984597e-01,1.514631584116969965e-01,2.998146743785811696e-01,-7.960523576560300796e-02,8.873862376082768122e-02
-4.575118941772257641e-01,-3.495934330631151332e-01,1.825739599190427664e-01,4.383733297222716825e-03,-5.098102351194729737e-02
-3.423201190871287825e-01,-3.838676510969373235e-01,1.064407421596560849e-01,1.938354210759468677e-02,-2.731496168849902387e-02
1.198906144334509261e+00,-2.218600410294095937e-01,-6.937454138491735978e-02,-5.227827795829008417e-02,-1.093042051046756169e-01
-9.551388766787782814e-02,-3.404530367092847287e-01,-2.640250123969916096e-01,-5.099308894192879082e-02,-4.542546607505450196e-02
-7.560766457398032658e-02,-8.215586327265504696e-02,-2.657129524476030125e-01,-2.594017083668090709e-02,-1.373271266835345006e-01
-2.988021974836574390e-01,2.059359539501451689e-02,-3.203492571799117922e-02,-1.432922378990709837e-02,8.629291382517156883e-02
2.413079518121031154e-03,3.869486464770503509e-01,4.772226780429522294e-03,3.428069158842613762e-01,3.222461498803889102e-01
-3.251527125056797862e-01,6.786653519383772926e-01,-1.470213729396289137e-01,1.049727204064860447e-02,9.174285776557720984e-02
3.965755640133509785e-01,1.419090729857361843e-01,3.495720195073693248e-01,-1.087533133500969140e-01,-1.494159379305846636e-01
-4.531564381463027424e-01,-2.614887513555974041e-01,1.929010535843215801e-01,-8.792755985006223476e-03,-3.036096928467654429e-02
-2.072309339938415429e-01,-3.125013794498023301e-01,1.712246878179561338e-01,-1.511811418653977342e-02,-4.891873368049607512e-02
1.056475190839867739e+00,-2.315176360088385676e-01,-9.675724187861731510e-03,-1.293775208347504035e-01,-8.883368781679119863e-02
-9.611176085182202011e-02,-3.697189626642445881e-01,-2.038374200992154328e-01,-1.881553239159396845e-02,-6.570809365781152267e-02
3.383719785769761373e-02,3.050919246402447951e-02,-2.250751071464654474e-01,1.803054890013839895e-01,-1.212784947060148860e-01
-3.161245047933990970e-01,-7.958476240975469185e-02,3.530541649376213280e-03,6.622315672699440048e-02,-1.517214961180118719e-02
2.955541843109744937e-02,2.310498607822987494e-01,-9.612443258304723126e-02,1.242800057435759220e-01,2.657221331292894395e-01
-2.082815519639486801e-01,7.876015059269794172e-01,-1.828257276069149562e-01,-5.848352508976731867e-01,2.340791690522495139e-01
2.154335827548639337e-01,6.668035582981549081e-02,4.531608075130441060e-01,-1.175827253875069006e-01,-5.109241944091421489e-02
-4.030055576780334214e-01,-3.130749581971199458e-01,9.888338544676567032e-02,3.391784584993236262e-02,-1.795507535511139396e-01
-2.227900006235486730e-01,-2.801211029889531523e-01,8.945144148363008696e-02,1.125136086714354916e-01,-3.860582253663284724e-02
9.674871768670928462e-01,-7.334112874304560270e-02,6.283651134282734751e-02,2.039934026834515635e-01,-2.839356867725030542e-02
-1.695163487976820427e-01,-3.754140009118158150e-01,-1.681906045451111720e-01,-5.739034046138086903e-02,-7.485933829996650746e-02
1.667012920031216497e-02,-1.249297848728199017e-01,-2.227806666864367846e-01,-8.864832673394248963e-02,-1.990468412598161985e-01
-2.471111771236388643e-01,-5.997308537179562443e-02,-2.562961893149872869e-02,-2.811538462981773290e-02,-9.024082545248464371e-02
-9.552378777225911666e-02,3.258581221831868269e-01,3.012013810803446795e-02,1.725787395759049159e-01,4.690637586901997280e-01
-1.559644881856452059e-01,7.176994422993158151e-01,-1.432622314606677161e-01,-3.205415220221548012e-01,3.650124167823055044e-01
2.060820152635405023e-01,3.535466036334112272e-01,2.258866854553140124e-01,2.652595539850741146e-01,-1.996198899129065715e-02
-4.149199034035080946e-01,-3.002570111287298782e-01,1.371998286514377330e-01,1.102293124968469762e-01,-1.098048951805912776e-01
-2.782723250920688951e-01,-3.662856878838062769e-01,9.405032787763005497e-02,-4.594190435211219226e-02,-8.210428322545082480e-02
1.138555885910949472e+00,-1.702445979469461579e-01,7.260614153129844872e-02,-7.430127858418197548e-03,-2.580580030629048283e-01
-6.894731446882883252e-02,-4.250993158521764737e-01,-2.630158000838588861e-01,-9.523374379762629405e-02,-4.028443165607175497e-02
-8.285951781539827032e-02,1.022900806538445118e-01,-2.248704113623433976e-01,-2.817817188590357805e-02,-5.830083921580471451e-02
-3.381798680658402723e-01,-1.564912529569340016e-01,9.921063558407301752e-02,-2.260512202969266471e-01,1.035365789999208586e-01
-4.071278485487760807e-02,1.456545839720774227e-01,8.200110132434493271e-02,3.364856986445931009e-01,7.629479458097185307e-02
-2.651620410675333273e-01,7.419328161330149829e-01,-1.019558225919964950e-01,-1.077970431445283567e-01,2.123603390243522793e-01
5.421594927400487096e-01,4.093545344882435488e-01,2.554510383511766625e-01,3.547283018185711650e-02,-1.285651635721425101e-01
-4.429298233511084759e-01,-3.196797708358392609e-01,1.707378035207326450e-01,-6.912166459822777220e-02,-8.195710079675873339e-02
-2.096842853517153493e-01,-2.984991075348877310e-01,2.349436222924915219e-01,2.467699421523655151e-02,-5.699699976806009427e-02
9.063161422352532526e-01,-1.994625680673430823e-01,-2.525021670346198066e-01,1.297463206815256120e-01,-2.608717759640709344e-02
-1.341570216503913116e-01,-4.538937895439030257e-01,-1.708539094658586277e-01,-2.441515750784456831e-02,-3.647702970989268739e-02
-4.971429168446718028e-04,-1.533941703694790826e-01,-2.080720217823600893e-01,-1.610151891604199095e-02,1.355957067318285802e-01
-2.977554196895593752e-01,3.687152501118257965e-03,-3.370134531397631084e-03,-8.808602450741055689e-02,6.923628869563490471e-04
-1.523602331165800350e-01,6.210181607176173957e-01,3.594486209863126391e-02,1.025624909380141864e-01,-6.588427728017422214e-02
-2.341988410097735340e-01,8.760770968843719642e-01,-3.082739669347930311e-01,1.257357253418469045e-01,-2.600048389924678946e-02
4.496985437778672767e-01,2.724068699354646739e-02,2.840457194868187818e-01,4.217452504926868379e-02,5.175391923372620745e-02
-3.841325514923973339e-01,-2.577394939667821405e-01,2.188492035918895018e-01,-1.160788306240379264e-01,4.877789266892302439e-02
-3.188257090745710842e-01,-3.974490995825472051e-01,1.567284099670742392e-01,-6.943331833039087519e-02,-4.819343545314413307e-02
1.072228375172250114e+00,-2.655465436339425334e-01,-4.998162430004235782e-03,4.364210855659582389e-02,-6.026465517897617447e-02
-1.287752747170518020e-01,-3.604083176993408966e-01,-1.752159281639075195e-01,-9.144722773492923451e-02,3.056873970582896574e-02
-1.076450635381018678e-01,2.914964932710687948e-02,-1.426241852042492431e-01,-1.300288697244432641e-02,2.513984431498084843e-02
-3.369436461998518983e-01,4.941563577357981074e-02,-5.210683391899997158e-02,2.972375751219171747e-01,-1.003271997922854236e-01
-4.831056031824693120e-02,1.456358283254173547e-01,-4.263294182366741264e-02,1.963092557328264265e-01,1.881427978764032005e-01
-3.362245825708772284e-01,6.395604018181210160e-01,-8.557049585426490523e-02,-2.206029413554103924e-01,2.004245681830226986e-02
2.724062117835122088e-01,2.859176527504243004e-01,2.491178582986813828e-01,6.526012825251769137e-03,-1.192573485039500614e-01
-3.983656047533357114e-01,-3.361346572977170211e-01,2.302084384570255160e-01,-5.352389309610647988e-02,-1.848865104811315760e-02
-2.930445805652893698e-01,-3.359816068176287307e-01,4.174811982377923947e-02,-7.615665074865858586e-02,-6.803803937424934833e-02
1.376903100879242947e+00,-1.171545861799622168e-01,-2.292403161439685727e-02,-4.533924377244669818e-02,4.221740000308223106e-02
-7.327034002753608777e-02,-3.051254135232089881e-01,-2.804015327321062734e-01,-1.505235260163864108e-01,-1.861750368030371319e-02
-7.945839626749062745e-02,-3.074318339214518817e-03,-1.563307938953288623e-01,-2.451756524527977654e-01,8.254165454055108209e-02
-2.778881173997316267e-01,-1.719194350151208583e-01,-3.039935447144528902e-02,2.904147287941522687e-02,6.174511648304124162e-02
-2.170633476411531482e-01,2.452252636565255273e-01,-2.054902573058557322e-02,3.359142340440295360e-01,9.237841927691403665e-02
-2.257585873018195521e-01,4.506948303885366380e-01,-1.177487035363266044e-01,6.507511272453350148e-01,1.598129402287643275e-01
-1.549096532207749344e-01,2.674161738818620071e-01,3.178345016678383317e-01,-9.389840761876068476e-02,-1.747254287372443926e-01
-3.961535159000974526e-01,-2.577425906926624211e-01,2.588977228268689590e-01,-6.319187513796700739e-02,-3.044913593456923320e-02
-3.364975605470521547e-01,-2.386929322819452415e-01,4.381889009780844113e-02,-1.996294515703377070e-01,-5.185753600297496324e-02
1.760999518305655709e+00,1.321842192522799421e-02,-1.512170422672299772e-02,-2.632879213725304868e-01,-1.208285261741785382e-01
-9.476118977673521349e-02,-3.781611708088306600e-01,-2.633425302920238686e-01,-3.489446128050454482e-02,4.219116667728894238e-02
1.241027997292430164e-02,-2.138230973533096491e-01,-3.839232635183320586e-01,1.196997956380763395e-01,-2.388356433312938815e-02
-3.436156052434920505e-01,1.920076392208270033e-01,-4.985711843982174041e-02,1.993608976994127105e-02,-2.210443782680060476e-01
-1.674936470888255952e-02,3.668775297021177328e-01,2.475788714536129309e-01,-1.868806564021819328e-01,3.134350710480364177e-01
-2.557022276008259487e-01,8.288497618886112583e-01,-8.842063941595673660e-02,-1.160453162530741822e-02,1.560137754247240549e-01
3.955083795334641827e-01,1.139164813043124641e-01,3.084296640580495574e-01,4.013843467222746875e-02,-8.908368247403535001e-02
-4.613687248908663885e-01,-2.352420573555566718e-01,1.916566884446716801e-01,7.791599371087327974e-02,4.693553341870731338e-02
-2.715162019455486520e-01,-4.044537278407134284e-01,1.672063740391632192e-01,-7.772720500613147614e-03,-8.300929471341403354e-02
1.035794654659962122e+00,-2.699713587574580353e-01,-1.293280463293628169e-01,-1.653794398251163394e-02,-1.415546267801717772e-01
-1.185329154172750643e-01,-4.102575853126459449e-01,-2.077854699289672369e-01,-1.066237167166093625e-01,-7.924564801967083280e-03
-7.012993195594444118e-02,-8.402599336216028114e-02,-1.719813202554285603e-01,1.429413790960293654e-02,2.410393723173237523e-01
-2.874361593441275842e-01,-1.597047869302531120e-01,-3.463470069264148327e-02,-1.497557271840919135e-01,8.697886081595077035e-02
-1.355563892117847731e-02,6.572950387388262206e-01,-1.450651587250358920e-01,2.790644129528598305e-01,-4.570367892740884175e-02
-3.811248802299085359e-01,4.230716942366151700e-01,-2.963294534100125582e-02,3.442956356684418462e-01,-1.937111469280135834e-01
4.437346251466305347e-01,2.160483417340852419e-01,2.972719868409404165e-01,-1.623424440538810687e-01,-1.070179019201084741e-01
-4.162704868434730088e-01,-2.120003021358025375e-01,1.292072133908664100e-01,-3.356134076558651286e-02,6.918909559205545234e-02
-3.441100825675444397e-01,-3.178490377003908574e-01,9.326764570821281797e-02,-4.944148391632680051e-02,-2.053146786086290990e-02
1.187425470132821292e+00,-1.125773692682738997e-01,6.935274900305472834e-02,-1.359294738944091530e-01,-2.231856828696889700e-02
-1.695280903750618906e-01,-4.422857653021954327e-01,-1.591384109118906265e-01,-3.738617035302187197e-02,-3.085182049542266325e-02
-1.116510303437715235e-01,-2.024087198013369837e-01,-2.310110488990117783e-01,-4.466163373837969686e-03,-9.947857061938419898e-02
-2.287690332101636470e-01,-9.592471035173208080e-03,-1.226314349959295863e-01,-5.062876932625604010e-02,2.551981915364333053e-01
-2.152581162809059923e-02,5.273386263215600334e-01,-1.144749149383942092e-03,3.043359879458946149e-01,1.846512513904563502e-01
-3.326865070090351262e-01,7.535467466573984030e-01,-2.396367183619973196e-01,-2.908437337709804948e-01,-3.522509822397374424e-01
5.502057184609027152e-01,1.841480435741042199e-01,3.192734056787311925e-01,1.206508980490621080e-01,1.764982753269311033e-01
-4.348033455738844477e-01,-2.883774626719648460e-01,1.623813269742381826e-01,-1.495028249732271719e-01,1.072908150494218671e-02
-3.017737534631874108e-01,-3.199701889663769672e-01,1.605098476497293369e-01,3.716287462136945441e-02,-2.573529839568843361e-02
1.050531853142292027e+00,-2.023988087760149879e-01,1.113977820155148818e-01,7.067790118099710750e-02,-1.187601280085300304e-01
-3.821349072342709180e-02,-4.195575637910584632e-01,-2.831683363794167962e-01,-7.050650993808196820e-02,1.586231468766090627e-02
-1.423247912479163046e-01,-8.789651555562652541e-02,-1.843144098802925734e-01,7.054763296180426024e-02,8.762368045679386208e-02
-3.160854102502894669e-01,2.906261639713643430e-02,-4.221366926661704669e-03,-4.748557157318287342e-02,-1.349164749858801360e-01
-1.255650073651187748e-01,1.715278192578971461e-01,9.271402123272268203e-02,3.645746555948557732e-02,1.324616056617198556e-01
-2.952958711687679871e-01,5.594637159781687963e-01,-1.590055767460553382e-01,-9.652771977238734646e-02,1.322828318786041790e-01
5.394036324725494103e-01,4.948473988356629216e-01,2.836906380314337950e-01,1.055811749019164025e-01,-1.511405641119161758e-01
-4.397005512575400399e-01,-2.110823501066231567e-01,1.755889298763579631e-01,-9.730258822296321275e-02,6.382925559215033885e-03
-3.394318142655110004e-01,-3.306779498288796582e-01,1.868573563200560950e-01,4.525472161517428774e-03,8.960096042645665721e-04
1.157213303806021054e+00,-2.056871711866776198e-01,-1.081412555281441590e-01,9.471064392189149084e-02,-8.945232875046184307e-02
-4.197058528313801773e-02,-4.098842982244339517e-01,-3.068718237048579933e-01,1.072364604892533518e-01,-6.020512113904933488e-02
-1.302602156074664230e-01,-1.409916108416459368e-01,-1.251043697761064777e-01,5.083875246787520480e-02,4.558977831281769283e-02
-3.102543309046812414e-01,-3.164537654255927118e-02,8.619731594072917863e-03,-3.318078783074354665e-02,1.198699953981780947e-01
-4.702917962067689611e-02,6.110321501049950088e-01,9.021757964484213022e-02,-3.220470784794666197e-01,6.138966016399319270e-02
-3.308008054916659613e-01,6.732876107608015692e-01,-1.454370359317961325e-01,2.612380832776616812e-01,-8.304135771508548702e-02
3.522010241218296867e-01,2.247421273444313861e-01,3.231915719692252664e-01,-9.496300168459927138e-02,-1.838997564481326119e-02
-4.183189513234810697e-01,-2.814918328674443915e-01,1.433776697159376556e-01,-7.209947412170976400e-02,-8.601306196232625170e-03
-3.367482967174825204e-01,-3.041452940677584205e-01,2.303294868532113904e-01,5.727524424460896796e-02,-3.428768556700989567e-02
1.263181340826762034e+00,-3.409034756663861243e-01,-2.183228103645285800e-01,4.570180163711974608e-02,-2.232398761279824270e-02
-9.202022951975715945e-03,-3.381914684574008345e-01,-3.620558724555037466e-01,6.861515570437835831e-02,-3.201628380097994945e-03
-7.713098929519518476e-02,-1.011946961874320011e-01,-1.162348404731316232e-01,1.170250069292660677e-01,-3.168900364107921867e-03
-3.971265863308375277e-01,1.068763602204596819e-01,-1.381743678803038985e-02,-1.238734249997453102e-01,-2.483846171439753336e-01
-9.864388209985953948e-02,3.409157150109679013e-01,1.330312697010700151e-01,-1.273408343366385642e-01,2.772538675081526183e-01
-2.844921279031468742e-01,6.445180394127285606e-01,-1.079495935867165746e-01,-3.166397789716919875e-01,2.739115476316537068e-01
3.042370703152249556e-01,1.004945832740841427e-01,3.618391253598319812e-01,-4.991730535483003550e-02,-7.875698594774538375e-02
-4.403478467260544815e-01,-3.695562568709945817e-01,1.857031829923340427e-01,-3.196629441977888453e-02,-1.332710260242045142e-01
-1.531002609246869817e-01,-2.070641963183433576e-01,1.275882067900835914e-01,1.296047090396528489e-01,-8.948455897216081936e-03
1.155806645916531483e+00,-1.767980800840693312e-01,-2.081040415399367516e-01,3.344927664093871322e-01,-7.543380138245896205e-02
-1.206526913336380680e-01,-2.977811383495039266e-01,-2.127603883005082797e-01,1.590434983919091216e-01,7.025786659665141098e-02
-6.360157268284011289e-02,8.728993811571747474e-02,-3.482395525279659565e-01,-5.052298581500785923e-02,1.147518807253183060e-01
-3.280323314261606171e-01,-1.687379933797290843e-01,5.872159188731045608e-03,-1.731481784040313221e-02,4.932335828751761159e-03
-8.757810245639295610e-02,2.147445136307819802e-01,1.263208449807143863e-01,-4.566457022155592099e-02,9.175666241408040116e-03
-2.659921229931117015e-01,4.057283274452412325e-01,-4.476286993356663746e-02,-2.907278924415659382e-01,-1.912405208181844340e-02
2.686545112668410340e-01,2.150034988085588739e-01,3.450837799367431624e-01,-3.172657083941649026e-02,-3.319760550806318822e-01
-3.915689445800376034e-01,-2.723789653465922278e-01,1.477429384088361775e-01,5.185614875524045819e-02,1.463573211100127093e-02
-3.090332692634815692e-01,-1.092613288108442438e-01,1.269043337433339580e-01,1.848665027132067040e-01,1.342325281636756462e-01
1.297804523468821136e+00,-7.460685211362982905e-02,-1.461612454963177876e-01,4.019068729759278646e-02,3.114097495644202896e-03
